Job ID,Job URL,Job Title,Company Name,Status,Timestamp,WP ID
ff6399c3fad854e8,https://ml.linkedin.com/jobs/view/commercial-terrain-f-h-x-at-l-usine-nouvelle-4432792516,Commercial Terrain (F/H/X),L'Usine Nouvelle,posted,2026-07-07T00:53:48.035782,18
da17832724b2744f,https://ml.linkedin.com/jobs/view/customer-care-trainee-mali-at-epiroc-4434663159,Customer Care Trainee - Mali,,scraped,2026-07-07T00:53:50.815455,
757b5fb48049827b,https://ml.linkedin.com/jobs/view/eucap-sahel-mali-2-2026-call-for-contribution-%E2%80%93-european-union-capacity-building-mission-in-mali-eucap-sahel-mali-at-eubam-libya-4437109939,EUCAP Sahel Mali 2-2026 - Call for Contribution – European Union Capacity Building Mission in Mali (EUCAP Sahel Mali),,scraped,2026-07-07T00:53:57.426972,
fbbed556a8e7acfa,https://ml.linkedin.com/jobs/view/artificial-intelligence-intern-gulf-area-office-in-abu-dhabi-for-two-months-at-unicef-bangladesh-4436219246,Artificial Intelligence Intern- Gulf Area Office- In Abu Dhabi for Two Months,,scraped,2026-07-07T00:54:04.263680,
d99566dddc4ce816,https://ml.linkedin.com/jobs/view/eucap-sahel-mali-1-2026-call-for-contribution-for-visiting-experts-%E2%80%93-european-union-capacity-building-mission-in-mali-eucap-sahel-mali-at-eubam-libya-4437131134,EUCAP Sahel Mali 1-2026 - Call for Contribution for Visiting Experts – European Union Capacity Building Mission in Mali (EUCAP Sahel Mali),,scraped,2026-07-07T00:54:10.969444,
e828f3000296b0ac,https://ml.linkedin.com/jobs/view/support-quality-training-officer-at-wave-mobile-money-4428646280,Support Quality & Training Officer,,scraped,2026-07-07T00:54:17.671466,
f0c26815419826bb,https://ml.linkedin.com/jobs/view/fagarbeider-i-fj%C3%B8set-at-finnmark-fylkeskommune-4434982029,Fagarbeider i fjøset,,scraped,2026-07-07T00:55:27.823477,
95a1b018fcd98447,https://ml.linkedin.com/jobs/view/entrepreneur-in-residence-eir-at-the-flex-4436948361,Entrepreneur in Residence (EIR),,scraped,2026-07-07T00:56:39.434162,
37098982bdac856e,https://ml.linkedin.com/jobs/view/water-climate-intern-gulf-area-office-in-abu-dhabi-for-two-months-at-unicef-chad-4433982145,Water & Climate Intern- Gulf Area Office- In Abu Dhabi for Two Months,Unicef CHAD,posted,2026-07-07T00:56:58.376757,20
77b55c986b60532d,https://ml.linkedin.com/jobs/view/people-culture-officer-at-fhi-360-4436399917,People & Culture Officer,FHI 360,posted,2026-07-07T00:57:09.179228,22
7942e4950b0eb790,https://ml.linkedin.com/jobs/view/mali-technical-engineer-at-growatt-new-energy-4435033806,Mali Technical Engineer,,scraped,2026-07-07T00:57:11.796092,
e47b0832d2086d44,https://ml.linkedin.com/jobs/view/eoi-mobility-resources-management-officer-rmo-p-at-iom-un-migration-4436186902,EOI Mobility: Resources Management Officer (RMO) (P),IOM - UN Migration,posted,2026-07-07T00:58:33.332117,24
dc8e885503db1f3c,https://ml.linkedin.com/jobs/view/security-officer-at-fhi-360-4436350407,Security Officer,FHI 360,posted,2026-07-07T00:58:42.560225,26
f89385fd8082727c,https://ml.linkedin.com/jobs/view/ai-video-creator-at-the-flex-4436780341,AI Video Creator,,scraped,2026-07-07T00:58:45.197001,
214f0d286654d338,https://ml.linkedin.com/jobs/view/manager-visa-consulting-and-analytics-vca-technical-project-manager-at-visa-4434664162,"Manager, Visa Consulting and Analytics (VCA), Technical Project Manager",Visa,posted,2026-07-07T00:59:03.523255,28
7036e0681cfa9672,https://ml.linkedin.com/jobs/view/hier-finden-sie-uns-at-arzt-f%C3%BCr-arzt-personamanagement-4434355725,Hier finden Sie uns:,Arzt für Arzt Personamanagement,posted,2026-07-07T00:59:12.829928,30
0b24ec2abf84b841,https://ml.linkedin.com/jobs/view/%C3%A9lectrom%C3%A9canicien-d-engins-de-chantier-grues-h-f-at-parlym-4433131553,Électromécanicien d'Engins de chantier & grues H/F,,scraped,2026-07-07T00:59:15.483513,
0c83ea401d5c92a9,https://ml.linkedin.com/jobs/view/erzieher-in-p%C3%A4dagogische-fachkraft-m-w-d-at-awo-kreisverband-k%C3%B6ln-e-v-4435154984,"Erzieher*in, Pädagogische Fachkraft (m/w/d)",,scraped,2026-07-07T01:00:25.617768,
c4359e6fb4458cbd,https://ml.linkedin.com/jobs/view/gtm-coordinator-at-promasidor-4437752724,GTM Coordinator,,scraped,2026-07-07T12:17:04.237443,
c75eb0cd1db16881,https://ml.linkedin.com/jobs/view/people-programs-manager-at-wave-mobile-money-4437421204,People Programs Manager,,scraped,2026-07-07T12:17:19.350199,
6326f81bf7ea3698,https://ml.linkedin.com/jobs/view/growth-marketer-at-the-flex-4436782349,Growth Marketer,,scraped,2026-07-07T12:17:28.005759,
709f8185b691d047,https://ml.linkedin.com/jobs/view/senior-technician-at-bia-group-4430629000,Senior Technician,,scraped,2026-07-07T12:17:35.219968,
d64d91dbc6feed65,https://ml.linkedin.com/jobs/view/artificial-intelligence-intern-gulf-area-office-in-abu-dhabi-for-two-months-at-unicef-chad-4433969851,Artificial Intelligence Intern- Gulf Area Office- In Abu Dhabi for Two Months,Unicef CHAD,posted,2026-07-07T12:17:55.356855,32
f1ce7bc4547d7541,https://ml.linkedin.com/jobs/view/support-group-lead-at-wave-mobile-money-4426241495,Support Group Lead,,scraped,2026-07-07T12:17:59.954080,
157d358327d3311f,https://ml.linkedin.com/jobs/view/head-of-marketing-at-wave-mobile-money-4398110109,Head of Marketing,,scraped,2026-07-07T12:18:06.298604,
6f14f57d2e8af459,https://ml.linkedin.com/jobs/view/ux-ui-designer-at-the-flex-4436376722,UX/UI Designer,,scraped,2026-07-07T12:18:14.720076,
e9e9eee0268c1076,https://ml.linkedin.com/jobs/view/commercial-4437808033,Commercial,Askiatech,posted,2026-07-07T20:32:45.305260,34
747f8deb890f9ca7,https://ml.linkedin.com/jobs/view/fst-field-service-technician-mb-sk-at-the-timken-company-4437846533,FST - Field Service Technician - MB/SK,The Timken Company,posted,2026-07-07T20:32:58.433573,36
dea27c9c132091f2,https://ml.linkedin.com/jobs/view/rechtsanwalt-m-w-d-f%C3%BCr-gesellschaftsrecht-berufseinstieg-at-zirngibl-rechtsanw%C3%A4lte-partnerschaft-mbb-4436496791,Rechtsanwalt (m/w/d) für Gesellschaftsrecht - Berufseinstieg,,scraped,2026-07-07T20:33:00.812619,
528ab336a6200c2c,https://ml.linkedin.com/jobs/view/procurement-officer-at-wave-mobile-money-4437881894,Procurement Officer,,scraped,2026-07-08T06:45:20.367443,
f493a7abe8e8da71,https://ml.linkedin.com/jobs/view/b%C3%A4cker-in-f%C3%BCr-traditionsbackstube-%0A-m-w-d-at-balkenholl-b%C3%A4ckerei-4435016990,"Bäcker/in für Traditionsbackstube 
(m/w/d)",Balkenholl Bäckerei,posted,2026-07-08T06:46:22.864963,48
7354b75778f10720,https://ml.linkedin.com/jobs/view/ausbildung-b%C3%A4cker-in-m-w-d-at-balkenholl-b%C3%A4ckerei-4435033387,Ausbildung Bäcker/in   (m/w/d),Balkenholl Bäckerei,posted,2026-07-08T06:46:34.384765,50
dde8489a039848e5,https://ml.linkedin.com/jobs/view/b%C3%A4ckereifach-verk%C3%A4ufer-in-%0A-m-w-d-at-balkenholl-b%C3%A4ckerei-4435020990,"Bäckereifach-verkäufer/in 
(m/w/d)",Balkenholl Bäckerei,posted,2026-07-08T13:19:57.947834,52
f4949069777e17a0,https://ml.linkedin.com/jobs/view/ausbildung-b%C3%A4ckereifach-verk%C3%A4ufer-in-%0A-m-w-d-at-balkenholl-b%C3%A4ckerei-4435027753,"Ausbildung Bäckereifach-verkäufer/in 
(m/w/d)",Balkenholl Bäckerei,posted,2026-07-08T13:20:08.915194,54
4cd597659ee53d8a,https://ml.linkedin.com/jobs/view/bilingual-customer-support-specialist-french-english-100%25-remote-at-talentpop-app-4434877610,Bilingual Customer Support Specialist (French/English) - 100% Remote,TalentPop App,posted,2026-07-08T18:56:35.747200,56
c23976f1f441b155,https://ml.linkedin.com/jobs/view/french%2Benglish-bilingual-customer-service-representative-at-talentpop-app-4434885490,French+English Bilingual Customer Service Representative,TalentPop App,posted,2026-07-08T18:56:43.947654,58
c9faa9af57a68030,https://ml.linkedin.com/jobs/view/work-from-home-customer-support-%E2%80%93-french-speaking-at-talentpop-app-4434886356,Work-from-Home Customer Support – French Speaking,TalentPop App,posted,2026-07-08T18:56:52.791630,60
30b3a93b448a8b26,https://ml.linkedin.com/jobs/view/work-from-home-customer-support-%E2%80%93-french-speaking-at-talentpop-app-4434878493,Work-from-Home Customer Support – French Speaking,TalentPop App,scraped,2026-07-08T18:56:56.749686,
089d428b600bc34a,https://ml.linkedin.com/jobs/view/work-from-home-customer-support-%E2%80%93-french-speaking-at-talentpop-app-4434892207,Work-from-Home Customer Support – French Speaking,TalentPop App,posted,2026-07-08T18:57:01.602495,60
873884ec620bb3b3,https://ml.linkedin.com/jobs/view/work-from-home-customer-support-%E2%80%93-french-speaking-at-talentpop-app-4434892159,Work-from-Home Customer Support – French Speaking,TalentPop App,scraped,2026-07-08T18:57:05.666477,
5023869dc6f8cece,https://ml.linkedin.com/jobs/view/work-from-home-customer-support-%E2%80%93-french-speaking-at-talentpop-app-4434883456,Work-from-Home Customer Support – French Speaking,TalentPop App,posted,2026-07-08T18:57:10.568781,60
205c1ce4492035ad,https://ml.linkedin.com/jobs/view/finance-and-administrative-assistant-at-fhi-360-4438512065,Finance and Administrative assistant,FHI 360,posted,2026-07-08T23:44:30.804592,62
96d945fb9655b781,https://ml.linkedin.com/jobs/view/details-of-marks-scored-by-the-candidates-in-the-written-test-held-on-04-11-2025-for-the-posts-of-library-information-assistant-stenographer-lower-division-clerk-ldc-driver-and-gardener-mali-at-national-institute-of-sowa-rigpa-4438524320,"Details of marks scored by the candidates in the written test held on 04-11-2025 for the posts of Library & Information Assistant, Stenographer, Lower Division Clerk (LDC), Driver and Gardener (Mali)",National Institute of Sowa Rigpa,posted,2026-07-08T23:44:43.027341,64
6aeff13e294d3027,https://ml.linkedin.com/jobs/view/work-from-home-customer-support-%E2%80%93-french-speaking-at-talentpop-app-4434875615,Work-from-Home Customer Support – French Speaking,TalentPop App,posted,2026-07-08T23:44:53.610997,60
66601fc51921a46e,https://ml.linkedin.com/jobs/view/agent-de-support-client%C3%A8le-international-h-f-at-talentpop-app-4434885542,Agent de Support Clientèle International (H/F),TalentPop App,posted,2026-07-08T23:45:01.518097,66
1a3b4646fcf5de92,https://ml.linkedin.com/jobs/view/agent-de-support-client%C3%A8le-international-h-f-at-talentpop-app-4434872815,Agent de Support Clientèle International (H/F),TalentPop App,posted,2026-07-08T23:45:10.988816,68
5b61f05c8ffed947,https://ml.linkedin.com/jobs/view/work-from-home-customer-support-%E2%80%93-french-speaking-at-talentpop-app-4434871667,Work-from-Home Customer Support – French Speaking,TalentPop App,posted,2026-07-08T23:45:15.642394,60
de77f558fceee387,https://ml.linkedin.com/jobs/view/french-customer-support-specialist-bilingual-fr-en-non-voice-blended-remote-at-talentpop-app-4434875677,French Customer Support Specialist (Bilingual FR/EN | Non-Voice/Blended | Remote),TalentPop App,posted,2026-07-08T23:45:26.826645,70
daba39845a81df11,https://ml.linkedin.com/jobs/view/digital-sales-support-representative-at-talentpop-app-4434877494,Digital Sales & Support Representative,TalentPop App,posted,2026-07-08T23:45:35.429357,72
1e95df702dd199a0,https://ml.linkedin.com/jobs/view/digital-sales-support-representative-at-talentpop-app-4434873626,Digital Sales & Support Representative,TalentPop App,posted,2026-07-08T23:45:40.251540,72
c18d413e63f03f7d,https://ml.linkedin.com/jobs/view/french-english-customer-support-associate-at-talentpop-app-4434884347,French-English Customer Support Associate,TalentPop App,posted,2026-07-08T23:45:48.050175,74
7211a9524420a8ba,https://ml.linkedin.com/jobs/view/french-customer-support-specialist-bilingual-fr-en-non-voice-blended-remote-at-talentpop-app-4434871813,French Customer Support Specialist (Bilingual FR/EN | Non-Voice/Blended | Remote),TalentPop App,posted,2026-07-08T23:45:52.901494,70
d96b6a59aa4f2feb,https://ml.linkedin.com/jobs/view/french%2Benglish-bilingual-customer-service-representative-at-talentpop-app-4434891278,French+English Bilingual Customer Service Representative,TalentPop App,posted,2026-07-08T23:46:02.013878,76
549f49f262614e05,https://ml.linkedin.com/jobs/view/french%2Benglish-bilingual-customer-service-representative-at-talentpop-app-4434888433,French+English Bilingual Customer Service Representative,TalentPop App,posted,2026-07-08T23:46:10.894190,78
1ca7131583d827d9,https://ml.linkedin.com/jobs/view/remote-french-bilingual-customer-support-representative-at-talentpop-app-4434872607,Remote French Bilingual Customer Support Representative,TalentPop App,posted,2026-07-08T23:46:19.307044,80
ef2e3e360d60b816,https://ml.linkedin.com/jobs/view/french-speaking-customer-support-specialist-at-talentpop-app-4434883419,French-Speaking Customer Support Specialist,TalentPop App,posted,2026-07-08T23:46:27.535154,82
51e27e2f72f250bf,https://ml.linkedin.com/jobs/view/french-speaking-customer-support-specialist-at-talentpop-app-4434888246,French-Speaking Customer Support Specialist,TalentPop App,posted,2026-07-08T23:46:32.499291,82
3df3458b640b0db4,https://ml.linkedin.com/jobs/view/french-speaking-customer-support-specialist-at-talentpop-app-4434874607,French-Speaking Customer Support Specialist,TalentPop App,scraped,2026-07-08T23:46:36.553917,
60c9ea234f129ec6,https://ml.linkedin.com/jobs/view/digital-sales-support-representative-at-talentpop-app-4434877560,Digital Sales & Support Representative,TalentPop App,posted,2026-07-08T23:46:41.136745,72
80708fd2706bf083,https://ml.linkedin.com/jobs/view/french%2Benglish-bilingual-customer-service-representative-at-talentpop-app-4434871804,French+English Bilingual Customer Service Representative,TalentPop App,posted,2026-07-08T23:46:51.162939,84
ac7eff586bfd0c51,https://ml.linkedin.com/jobs/view/french-english-customer-support-associate-at-talentpop-app-4434888231,French-English Customer Support Associate,TalentPop App,posted,2026-07-08T23:46:55.894693,74
8efe919563aa61d4,https://ml.linkedin.com/jobs/view/remote-french-bilingual-customer-support-representative-at-talentpop-app-4434888262,Remote French Bilingual Customer Support Representative,TalentPop App,posted,2026-07-08T23:47:00.705367,80
6b37afe051a192ab,https://ml.linkedin.com/jobs/view/expatriate-hme-senior-superintendent-planning-reliability-at-b2gold-corp-4437053730,"Expatriate - HME Senior Superintendent, Planning & Reliability",,scraped,2026-07-08T23:47:03.222012,
7a46bb3b203519a1,https://ml.linkedin.com/jobs/view/french-english-customer-support-associate-at-talentpop-app-4434884419,French-English Customer Support Associate,TalentPop App,posted,2026-07-09T11:25:00.471759,74
e6cc78013c409afa,https://ml.linkedin.com/jobs/view/sp%C3%A9cialiste-bilingue-fran%C3%A7ais-anglais-du-support-client-%E2%80%94-voix-et-chat-at-talentpop-app-4434888227,Spécialiste Bilingue (Français/Anglais) du Support Client — Voix et Chat,TalentPop App,posted,2026-07-09T11:25:25.757602,86
1dd4d28f09314fde,https://ml.linkedin.com/jobs/view/french-language-expert-remote-at-yo-it-consulting-4436052668,French Language Expert - Remote,,scraped,2026-07-09T18:27:27.765198,
cb48a4d5c2882fe1,https://ml.linkedin.com/jobs/view/stagiaire-commercial-at-bia-group-4433708095,Stagiaire Commercial,,scraped,2026-07-09T18:27:36.250201,
486792fabcf65955,https://ml.linkedin.com/jobs/view/recreation-and-leisure-attraction-worker-student-at-st-lawrence-parks-commission-4436917484,Recreation and Leisure Attraction Worker (Student),,scraped,2026-07-09T18:27:43.197094,
7812dc697f3a8129,https://ml.linkedin.com/jobs/view/bilingual-customer-support-specialist-french-english-100%25-remote-at-talentpop-app-4434880526,Bilingual Customer Support Specialist (French/English) - 100% Remote,TalentPop App,posted,2026-07-09T18:28:04.551517,56
f6c8be7e0612ffa0,https://ml.linkedin.com/jobs/view/work-from-home-customer-support-%E2%80%93-french-speaking-at-talentpop-app-4434890259,Work-from-Home Customer Support – French Speaking,TalentPop App,posted,2026-07-09T18:28:09.472506,60
53be740b1f01aab9,https://ml.linkedin.com/jobs/view/spanish-bilingual-customer-service-specialist-at-talentpop-app-4434888390,Spanish Bilingual Customer Service Specialist,TalentPop App,posted,2026-07-09T18:28:37.409504,88
2396e3e31944a2a7,https://ml.linkedin.com/jobs/view/spanish-bilingual-customer-service-specialist-at-talentpop-app-4434876549,Spanish Bilingual Customer Service Specialist,TalentPop App,scraped,2026-07-09T18:28:41.626580,
3acc8cf177d91e11,https://ml.linkedin.com/jobs/view/virtual-customer-support-agent-french-english-%E2%80%93-100%25-remote-at-talentpop-app-4434885407,Virtual Customer Support Agent (French/English) – 100% Remote,TalentPop App,posted,2026-07-09T18:28:54.520664,90
d0cfb31ab8386785,https://ml.linkedin.com/jobs/view/virtual-customer-support-agent-french-english-%E2%80%93-100%25-remote-at-talentpop-app-4434873643,Virtual Customer Support Agent (French/English) – 100% Remote,TalentPop App,scraped,2026-07-09T18:28:58.713524,
292c266c9926ac7c,https://ml.linkedin.com/jobs/view/remote-french-bilingual-customer-support-representative-at-talentpop-app-4434873623,Remote French Bilingual Customer Support Representative,TalentPop App,posted,2026-07-09T18:29:05.679044,80
d9cfc2f5a7c62055,https://ml.linkedin.com/jobs/view/french-english-customer-support-associate-at-talentpop-app-4434874570,French-English Customer Support Associate,TalentPop App,posted,2026-07-09T18:29:10.865513,74
7024b5184fd9f5aa,https://ml.linkedin.com/jobs/view/expert-e-secteur-de-l%E2%80%99%C3%A9nergie-au-b%C3%A9nin-at-ntu-international-a-s-4438640754,Expert(e) Secteur de l’Énergie au Bénin,,scraped,2026-07-09T23:54:53.935723,
059e7cba906677eb,https://ml.linkedin.com/jobs/view/agent-de-support-client%C3%A8le-international-h-f-at-talentpop-app-4434891382,Agent de Support Clientèle International (H/F),TalentPop App,posted,2026-07-09T23:55:16.354652,92
6e37cabdd93e7be2,https://ml.linkedin.com/jobs/view/sp%C3%A9cialiste-de-la-gestion-de-r%C3%A9seaux-at-association-djiribollo-4438232310,Spécialiste de la gestion de réseaux,Association Djiribollo,posted,2026-07-09T23:55:27.479000,94
f63b649382c35cac,https://ml.linkedin.com/jobs/view/french-bilingual-customer-service-specialist-at-talentpop-app-4434884317,French Bilingual Customer Service Specialist,TalentPop App,posted,2026-07-09T23:55:37.487665,96
30fde09e7c84c664,https://ml.linkedin.com/jobs/view/digital-sales-support-representative-at-talentpop-app-4434891141,Digital Sales & Support Representative,TalentPop App,posted,2026-07-09T23:55:46.084562,72
28a01dabebfa2db8,https://ml.linkedin.com/jobs/view/spanish-bilingual-customer-service-specialist-at-talentpop-app-4434883488,Spanish Bilingual Customer Service Specialist,TalentPop App,posted,2026-07-09T23:55:53.015742,88
ab5ace1cf5cc2a54,https://ml.linkedin.com/jobs/view/spanish-bilingual-customer-service-specialist-at-talentpop-app-4434876668,Spanish Bilingual Customer Service Specialist,TalentPop App,scraped,2026-07-09T23:55:56.989110,
1a06aee344ae26e9,https://ml.linkedin.com/jobs/view/uno-at-victorio-motors-4435956600,Uno,Victorio Motors,posted,2026-07-10T10:41:57.078767,98
2beb3a711a07a5bc,https://ml.linkedin.com/jobs/view/procurement-officer-at-wave-gambia-4437934504,Procurement Officer,Wave Gambia,posted,2026-07-10T10:42:15.166756,100
237c15722b1e2525,https://ml.linkedin.com/jobs/view/fiesta-hatch-at-victorio-motors-4435944863,Fiesta Hatch,Victorio Motors,posted,2026-07-10T10:42:26.156576,102
5207ce207942a050,https://ml.linkedin.com/jobs/view/transcriptionist-%2495-hr-remote-at-crossing-hurdles-4435444573,Transcriptionist | $95/hr Remote,Crossing Hurdles,posted,2026-07-10T10:42:39.460499,104
b927082888d701e2,https://ml.linkedin.com/jobs/view/language-teacher-%2495-hr-remote-at-crossing-hurdles-4428494735,Language Teacher | $95/hr Remote,Crossing Hurdles,posted,2026-07-10T10:42:47.840606,106
601d941a4eaa313e,https://ml.linkedin.com/jobs/view/spanish-bilingual-customer-service-specialist-at-talentpop-app-4434872807,Spanish Bilingual Customer Service Specialist,TalentPop App,posted,2026-07-10T10:43:24.872783,88
e08fb08ed8a68056,https://ml.linkedin.com/jobs/view/spanish-bilingual-customer-service-specialist-at-talentpop-app-4434892317,Spanish Bilingual Customer Service Specialist,TalentPop App,scraped,2026-07-10T10:43:29.033351,
db8296536ab14004,https://ml.linkedin.com/jobs/view/bilingual-customer-support-specialist-french-english-100%25-remote-at-talentpop-app-4434891156,Bilingual Customer Support Specialist (French/English) - 100% Remote,TalentPop App,posted,2026-07-10T10:43:41.921361,56
8dbbd338d0eb6023,https://ml.linkedin.com/jobs/view/virtual-customer-support-agent-french-english-%E2%80%93-100%25-remote-at-talentpop-app-4435667586,Virtual Customer Support Agent (French/English) – 100% Remote,TalentPop App,posted,2026-07-10T10:43:50.951995,90
ba16dbf80872b190,https://ml.linkedin.com/jobs/view/hier-finden-sie-uns-at-arzt-f%C3%BCr-arzt-personamanagement-4437984189,Hier finden Sie uns:,Arzt für Arzt Personamanagement,posted,2026-07-10T10:43:55.744722,30
844db4234147b756,https://ml.linkedin.com/jobs/view/national-position-strategic-engagement-adviser-policy-population-and-data-no-d-at-united-nations-population-fund-unfpa-4437573051,"National Position: Strategic Engagement Adviser:Policy, Population and Data, NO-D",United Nations Population Fund (UNFPA),posted,2026-07-10T10:44:04.922053,108
f0aa9d9d5eebedb2,https://ml.linkedin.com/jobs/view/empfangsmitarbeiter%E2%80%AF-%E2%80%AFrezeptionskraft-m-w-d-%E2%80%93-zahnarztpraxis-at-dr-christina-ofner-martin-4438323935,Empfangsmitarbeiter / Rezeptionskraft (m/w/d) – Zahnarztpraxis,Dr. Christina Ofner-Martin,posted,2026-07-10T18:08:57.886397,110
42cfd998b18fb10b,https://ml.linkedin.com/jobs/view/virtual-customer-support-agent-french-english-%E2%80%93-100%25-remote-at-talentpop-app-4434882303,Virtual Customer Support Agent (French/English) – 100% Remote,TalentPop App,posted,2026-07-10T18:09:30.706027,90
7e314d1839aacf9a,https://ml.linkedin.com/jobs/view/virtual-customer-support-agent-french-english-%E2%80%93-100%25-remote-at-talentpop-app-4434879391,Virtual Customer Support Agent (French/English) – 100% Remote,TalentPop App,posted,2026-07-10T18:09:35.486071,90
83d2f90d923653c3,https://ml.linkedin.com/jobs/view/virtual-customer-support-agent-french-english-%E2%80%93-100%25-remote-at-talentpop-app-4434876509,Virtual Customer Support Agent (French/English) – 100% Remote,TalentPop App,scraped,2026-07-10T18:09:39.582242,
04484132acd12b3e,https://ml.linkedin.com/jobs/view/french-speaking-customer-support-specialist-at-talentpop-app-4434879517,French-Speaking Customer Support Specialist,TalentPop App,posted,2026-07-10T18:09:46.328565,82
54fba46ee1932a37,https://ml.linkedin.com/jobs/view/french-speaking-customer-support-specialist-at-talentpop-app-4434885278,French-Speaking Customer Support Specialist,TalentPop App,scraped,2026-07-10T18:09:50.400390,
7f57c65f9ac9ae15,https://ml.linkedin.com/jobs/view/french-speaking-customer-support-specialist-at-talentpop-app-4434892340,French-Speaking Customer Support Specialist,TalentPop App,posted,2026-07-10T18:09:55.136204,82
b8339c6ddf35d1db,https://ml.linkedin.com/jobs/view/french-speaking-customer-support-specialist-at-talentpop-app-4434880393,French-Speaking Customer Support Specialist,TalentPop App,scraped,2026-07-10T18:09:59.252045,
ac994aefb34c1893,https://ml.linkedin.com/jobs/view/strategic-integrated-program-director-at-world-vision-4438507125,Strategic Integrated Program Director,,scraped,2026-07-10T18:10:27.910808,
d3ed40fa52764680,https://ml.linkedin.com/jobs/view/juriste-sp%C3%A9cialis%C3%A9-en-cadre-l%C3%A9gal-et-r%C3%A9glementaire-du-secteur-de-l%E2%80%99%C3%A9nergie-et-des-ppp-at-ntu-international-a-s-4439075653,Juriste spécialisé en cadre légal et réglementaire du secteur de l’énergie et des PPP,,scraped,2026-07-10T18:10:34.612999,
e4637c44a5db680c,https://ml.linkedin.com/jobs/view/infirmier-%C3%A8re-de-sant%C3%A9-publique-programme-nutrition-at-yebango-4438341018,Infirmier/ère de Santé Publique - Programme Nutrition,,scraped,2026-07-10T18:10:41.887765,
ef8766f3eaa945c2,https://ml.linkedin.com/jobs/view/volontaire-sensibilisation-campagne-paludisme-at-yebango-4438330309,Volontaire Sensibilisation - Campagne Paludisme,,scraped,2026-07-10T18:10:48.627353,
920f7483bc7e69cd,https://ml.linkedin.com/jobs/view/talent-roster-country-coordinator-mali-sahel-region-at-feed-the-future-senegal-project-dund%C3%ABl-suuf-4439056692,Talent roster - Country Coordinator - Mali - Sahel Region,,scraped,2026-07-10T23:17:23.524830,
82c6b7a943cfcd20,https://ml.linkedin.com/jobs/view/head-of-business-development-at-adon-communications-ltd-4437748495,Head of Business Development,,scraped,2026-07-10T23:17:40.084063,
934beeb4af5ae526,https://ml.linkedin.com/jobs/view/senior-program-officer-at-world-vision-4438296446,Senior Program Officer,,scraped,2026-07-10T23:17:50.859197,
1ed1515c579588a4,https://ml.linkedin.com/jobs/view/virtual-customer-support-agent-french-english-%E2%80%93-100%25-remote-at-talentpop-app-4435666647,Virtual Customer Support Agent (French/English) – 100% Remote,TalentPop App,posted,2026-07-10T23:18:33.260109,90
852a9698ca8db4fd,https://ml.linkedin.com/jobs/view/french-speaking-customer-support-specialist-at-talentpop-app-4434891198,French-Speaking Customer Support Specialist,TalentPop App,posted,2026-07-10T23:18:38.252834,82
7fbeb43af2af560c,https://ml.linkedin.com/jobs/view/tech-support-exploitation-it-at-red-tic-4439395785,TECH. SUPPORT / EXPLOITATION (IT),,scraped,2026-07-11T07:22:14.564277,
372950db1e0fdc57,https://ml.linkedin.com/jobs/view/assistant-commercial-at-bs-strategie-4439062392,Assistant commercial,BS STRATEGIE,posted,2026-07-11T07:22:38.143310,112
4b3a0500ec2b14ba,https://ml.linkedin.com/jobs/view/devops-java-spring-at-red-tic-4439503573,DEVOPS JAVA SPRING,,scraped,2026-07-11T07:22:48.719013,
50074ed52063ce0e,https://ml.linkedin.com/jobs/view/responsable-infrastructure-it-reseaux-at-red-tic-4439512095,RESPONSABLE INFRASTRUCTURE IT & RESEAUX,,scraped,2026-07-11T07:22:56.221547,
08a06c1b2ac2ff31,https://ml.linkedin.com/jobs/view/remote-french-bilingual-customer-support-representative-at-talentpop-app-4434884447,Remote French Bilingual Customer Support Representative,TalentPop App,posted,2026-07-11T07:23:29.874955,80
f37a8f1e345893f3,https://ml.linkedin.com/jobs/view/sp%C3%A9cialiste-bilingue-fran%C3%A7ais-anglais-du-support-client-%E2%80%94-voix-et-chat-at-talentpop-app-4434871595,Spécialiste Bilingue (Français/Anglais) du Support Client — Voix et Chat,TalentPop App,posted,2026-07-11T07:23:41.522786,114
cfcd9c9265554ac8,https://ml.linkedin.com/jobs/view/sp%C3%A9cialiste-bilingue-fran%C3%A7ais-anglais-du-support-client-%E2%80%94-voix-et-chat-at-talentpop-app-4434880541,Spécialiste Bilingue (Français/Anglais) du Support Client — Voix et Chat,TalentPop App,posted,2026-07-11T07:23:50.797582,116
d5c624d87385ec04,https://ml.linkedin.com/jobs/view/zahn%C3%A4rztin-einen-zahnarzt-m-w-d-at-dr-christina-ofner-martin-4438330368,Zahnärztin / einen Zahnarzt (m/w/d),Dr. Christina Ofner-Martin,posted,2026-07-11T07:24:09.829261,118
9f871a55d333f1d6,https://ml.linkedin.com/jobs/view/zahnarzt-eine-zahn%C3%A4rztin-als-vorbereitungsassistent-m-w-d-at-dr-christina-ofner-martin-4438335270,Zahnarzt/eine Zahnärztin als Vorbereitungsassistent (m/w/d),Dr. Christina Ofner-Martin,posted,2026-07-11T07:24:18.783172,120
ad4e34ca2dc22808,https://ml.linkedin.com/jobs/view/zahnmedizinische-fachangestellte-zfa-m-w-d-f%C3%BCr-rezeption-at-dr-christina-ofner-martin-4438333306,Zahnmedizinische Fachangestellte (ZFA) (m/w/d) für Rezeption,Dr. Christina Ofner-Martin,posted,2026-07-11T07:24:29.893137,122
630a455cc788141d,https://ml.linkedin.com/jobs/view/virtual-customer-support-agent-french-english-%E2%80%93-100%25-remote-at-talentpop-app-4435679228,Virtual Customer Support Agent (French/English) – 100% Remote,TalentPop App,posted,2026-07-11T07:24:34.920844,90
63b0180d0e21fa1d,https://ml.linkedin.com/jobs/view/senior-security-analyst-at-red-tic-4439393798,SENIOR SECURITY ANALYST,,scraped,2026-07-11T11:33:20.088027,
be33a6a9200980ec,https://ml.linkedin.com/jobs/view/eucap-sahel-mali-2-2026-call-for-contribution-%E2%80%93-european-union-capacity-building-mission-in-mali-eucap-sahel-mali-at-eubam-libya-4439392756,EUCAP Sahel Mali 2-2026 - Call for Contribution – European Union Capacity Building Mission in Mali (EUCAP Sahel Mali),,scraped,2026-07-11T11:33:32.149660,
e4f69b5903c63589,https://ml.linkedin.com/jobs/view/body-treatments-at-esteem-life-medical-group-4436661421,Body Treatments,,scraped,2026-07-11T15:33:18.253631,
34141690604084ed,https://ml.linkedin.com/jobs/view/symbol-at-victorio-motors-4436681170,Symbol,Victorio Motors,posted,2026-07-11T15:33:41.806214,124
a428299b712de7c1,https://ml.linkedin.com/jobs/view/dioula-bilingual-expert-remote-at-yo-it-consulting-4436049856,Dioula Bilingual Expert - Remote,,scraped,2026-07-11T15:34:00.428846,
c701ba79006c3f8f,https://ml.linkedin.com/jobs/view/chef-cheffe-d-%C3%A9quipe-expert-e-en-%C3%A9nergie-at-ntu-international-a-s-4438620292,Chef / Cheffe d'Équipe - Expert(e) en Énergie,,scraped,2026-07-11T15:34:22.882723,
3723f46a2432384e,https://ml.linkedin.com/jobs/view/spanish-bilingual-customer-service-specialist-at-talentpop-app-4434871588,Spanish Bilingual Customer Service Specialist,TalentPop App,posted,2026-07-11T15:35:07.995767,88
12b9c7458ab4d82e,https://ml.linkedin.com/jobs/view/onix-hatch-at-victorio-motors-4436673454,Onix Hatch,Victorio Motors,posted,2026-07-11T18:39:47.941497,126
032fc82aa309eae1,https://ml.linkedin.com/jobs/view/bilingual-customer-support-specialist-french-english-100%25-remote-at-talentpop-app-4434879572,Bilingual Customer Support Specialist (French/English) - 100% Remote,TalentPop App,posted,2026-07-11T18:40:09.216783,56
416d8c7debc2729f,https://ml.linkedin.com/jobs/view/ingenieur-ops-aps-it-at-red-tic-4439503625,INGENIEUR OPS / APS (IT),,scraped,2026-07-12T15:39:35.576961,
0efa024fa9cbf3a5,https://ml.linkedin.com/jobs/view/senior-business-analyst-at-red-tic-4439711963,SENIOR BUSINESS ANALYST,,scraped,2026-07-12T15:39:43.559597,
d3b2d93cbbad55cf,https://ml.linkedin.com/jobs/view/vn-ml-0106-2026-assistant-protection-at-iom-un-migration-4437465260,VN-ML-0106-2026 Assistant Protection,IOM - UN Migration,posted,2026-07-12T15:40:14.366446,128
437f06f6c111355e,https://ml.linkedin.com/jobs/view/agent-de-support-client%C3%A8le-international-h-f-at-talentpop-app-4434892308,Agent de Support Clientèle International (H/F),TalentPop App,posted,2026-07-12T15:40:34.456918,130
c76846b9f4776408,https://ml.linkedin.com/jobs/view/virtual-customer-support-agent-french-english-%E2%80%93-100%25-remote-at-talentpop-app-4434874653,Virtual Customer Support Agent (French/English) – 100% Remote,TalentPop App,posted,2026-07-12T15:40:39.219374,90
e1ca2c98d53ee42f,https://ml.linkedin.com/jobs/view/virtual-customer-support-agent-french-english-%E2%80%93-100%25-remote-at-talentpop-app-4434890228,Virtual Customer Support Agent (French/English) – 100% Remote,TalentPop App,scraped,2026-07-12T15:40:43.168479,
4cd0bdd42cfb4bef,https://ml.linkedin.com/jobs/view/quereinsteiger-zahnmedizinische-fachangestellte-zfa-m-w-d-f%C3%BCr-rezeption-at-dr-christina-ofner-martin-4438902848,Quereinsteiger/ Zahnmedizinische Fachangestellte (ZFA) (m/w/d) für Rezeption,Dr. Christina Ofner-Martin,posted,2026-07-12T19:57:58.423058,132
8086c492b74e43fe,https://ml.linkedin.com/jobs/view/virtual-customer-support-agent-french-english-%E2%80%93-100%25-remote-at-talentpop-app-4435669563,Virtual Customer Support Agent (French/English) – 100% Remote,TalentPop App,posted,2026-07-12T19:58:23.370800,90
94225cddf4b8f38f,https://ml.linkedin.com/jobs/view/administrateur-systemes-et-securite-it-at-red-tic-4439718807,ADMINISTRATEUR SYSTEMES ET SECURITE (IT),,scraped,2026-07-12T19:59:10.118655,
582a6f1e2b8ee658,https://ml.linkedin.com/jobs/view/it-analyst-at-red-tic-4439731288,IT ANALYST,,scraped,2026-07-12T19:59:22.455819,
e1cb8b2025fd4b07,https://ml.linkedin.com/jobs/view/stagiaire-assistant-e-informatique-at-akxa-digital-4439766263,Stagiaire Assistant(e) Informatique,Akxa Digital,posted,2026-07-13T11:42:52.958655,134
01a087c7cb3a88e8,https://ml.linkedin.com/jobs/view/assistant-communication-marketing-digital-at-holicorp-4440017535,Assistant communication marketing digital,,scraped,2026-07-13T11:43:23.648655,
abc51b388d454e73,https://ml.linkedin.com/jobs/view/aide-m%C3%A9nager-aide-m%C3%A9nag%C3%A8re-h-f-at-centre-services-4439107645,Aide ménager / aide ménagère (H/F),,scraped,2026-07-13T11:43:38.571343,
0102498dd7909b58,https://ml.linkedin.com/jobs/view/sp%C3%A9cialiste-bilingue-fran%C3%A7ais-anglais-du-support-client-%E2%80%94-voix-et-chat-at-talentpop-app-4434870790,Spécialiste Bilingue (Français/Anglais) du Support Client — Voix et Chat,TalentPop App,posted,2026-07-13T11:44:31.144104,136
de679036b76b4ab8,https://ml.linkedin.com/jobs/view/sie-sind-at-thermo-king-s%C3%BCd-4438952294,Sie sind:,THERMO KING SÜD,posted,2026-07-13T11:44:58.478251,138
4842e586db4672a4,https://ml.linkedin.com/jobs/view/regional-director-at-young-life-4439424834,Regional Director,Young Life,posted,2026-07-13T18:20:13.609255,140
af70c9431aac453e,https://ml.linkedin.com/jobs/view/commercial-at-akxa-digital-4439758370,Commercial,Akxa Digital,posted,2026-07-13T18:20:25.517849,34
cb9773c8807c4b69,https://ml.linkedin.com/jobs/view/sie-sind-at-thermo-king-s%C3%BCd-4438996022,Sie sind:,THERMO KING SÜD,posted,2026-07-13T18:20:32.532232,138
4db5a6efb65c92f6,https://ml.linkedin.com/jobs/view/bambara-language-specialist-remote-at-crossing-hurdles-4439414367,Bambara Language Specialist | Remote,Crossing Hurdles,posted,2026-07-13T18:21:32.572797,142
74923873f3eaaee1,https://ml.linkedin.com/jobs/view/sie-sind-at-thermo-king-s%C3%BCd-4438936807,Sie sind:,THERMO KING SÜD,scraped,2026-07-13T18:21:42.495698,
5f57dc450b33ef95,https://ml.linkedin.com/jobs/view/expert-r%C3%A9seaux-%C3%A9lectriques-at-ntu-international-a-s-4439779805,Expert Réseaux Électriques,,scraped,2026-07-13T18:21:47.143221,
eb61d7664fcf6ae3,https://ml.linkedin.com/jobs/view/administrative-associate-asset-and-facilities-management-g-6-temporary-position-somalia-364-days-mogadishu-somalia-%2300137992-at-unicef-4440071431,"Administrative Associate (Asset and Facilities Management), G-6, Temporary Position, Somalia, 364 days, Mogadishu, Somalia, #00137992",UNICEF,failed|wp_post_failed,2026-07-13T23:17:32.534998,
8607a06dddf3db5a,https://ml.linkedin.com/jobs/view/conseiller%C2%B7-client%C3%A8le-professionnels-h-f-at-lcl-4439554600,Conseiller· Clientèle Professionnels H/F,,scraped,2026-07-13T23:17:38.868987,
1a3eda338ec18120,https://ml.linkedin.com/jobs/view/expert-senior-en-politique-%C3%A9nerg%C3%A9tique-at-ntu-international-a-s-4440060231,Expert Senior en Politique Énergétique,,scraped,2026-07-13T23:18:23.908968,
a3c37d750645deec,https://ml.linkedin.com/jobs/view/zahn%C3%A4rztin-einen-zahnarzt-m-w-d-at-dr-christina-ofner-martin-4439429311,Zahnärztin / einen Zahnarzt (m/w/d),Dr. Christina Ofner-Martin,failed|wp_post_failed,2026-07-13T23:19:00.751515,
5f4714e989326dbd,https://ml.linkedin.com/jobs/view/translator-bambara-remote-at-crossing-hurdles-4439416290,Translator (Bambara) | Remote,Crossing Hurdles,failed|wp_post_failed,2026-07-13T23:19:10.215256,
4794c39c46e9ed21,https://ml.linkedin.com/jobs/view/zahnmedizinische-fachangestellte-zfa-m-w-d-f%C3%BCr-rezeption-at-dr-christina-ofner-martin-4439100267,Zahnmedizinische Fachangestellte (ZFA) (m/w/d) für Rezeption,Dr. Christina Ofner-Martin,failed|wp_post_failed,2026-07-13T23:19:18.401035,
a7348d5552802226,https://ml.linkedin.com/jobs/view/operational-maintenance-engineer-at-engie-4440504502,Operational Maintenance Engineer,,scraped,2026-07-14T07:26:52.001494,
364b496e452453c8,https://ml.linkedin.com/jobs/view/virtual-customer-support-agent-french-english-%E2%80%93-100%25-remote-at-talentpop-app-4434877481,Virtual Customer Support Agent (French/English) – 100% Remote,TalentPop App,failed|wp_post_failed,2026-07-14T07:27:21.522536,
e0e9ad85d150deb6,https://ml.linkedin.com/jobs/view/repr%C3%A9sentant-e-du-service-%C3%A0-la-client%C3%A8le-bilingue-fran%C3%A7ais-anglais-%E2%80%94-t%C3%A9l%C3%A9travail-at-talentpop-app-4437658035,Représentant(e) du Service à la Clientèle Bilingue (Français/Anglais) — Télétravail,TalentPop App,failed|wp_post_failed,2026-07-14T07:28:07.857807,
beb8fc5cc89e0935,https://ml.linkedin.com/jobs/view/rejoignez-l-%C3%A9lite-du-support-client-bilingue-fran%C3%A7ais-anglais-%E2%80%93-100-%25-t%C3%A9l%C3%A9travail-%21-at-talentpop-app-4437648698,Rejoignez l'élite du support client bilingue (Français/Anglais) – 100 % Télétravail !,TalentPop App,failed|wp_post_failed,2026-07-14T07:28:17.205277,
df410d3ac35ac66c,https://ml.linkedin.com/jobs/view/repr%C3%A9sentant-e-du-service-%C3%A0-la-client%C3%A8le-bilingue-fran%C3%A7ais-anglais-%E2%80%94-t%C3%A9l%C3%A9travail-at-talentpop-app-4437643773,Représentant(e) du Service à la Clientèle Bilingue (Français/Anglais) — Télétravail,TalentPop App,failed|wp_post_failed,2026-07-14T07:28:25.579983,
03a0d9ed86c86738,https://ml.linkedin.com/jobs/view/programme-support-and-liaison-officer-p-at-iom-un-migration-4440522008,Programme Support and Liaison Officer (P),IOM - UN Migration,failed|wp_post_failed,2026-07-14T12:23:19.250541,
c0caddd1e690d92b,https://ml.linkedin.com/jobs/view/french-customer-support-specialist-bilingual-fr-en-non-voice-blended-remote-at-talentpop-app-4437636924,French Customer Support Specialist (Bilingual FR/EN | Non-Voice/Blended | Remote),TalentPop App,failed|wp_post_failed,2026-07-14T12:24:03.609568,
b4cf9ff2ad7a3788,https://ml.linkedin.com/jobs/view/rejoignez-l-%C3%A9lite-du-support-client-bilingue-fran%C3%A7ais-anglais-%E2%80%93-100-%25-t%C3%A9l%C3%A9travail-%21-at-talentpop-app-4437643776,Rejoignez l'élite du support client bilingue (Français/Anglais) – 100 % Télétravail !,TalentPop App,failed|wp_post_failed,2026-07-14T12:24:12.044112,
d0465dac996cd14b,https://ml.linkedin.com/jobs/view/rejoignez-l-%C3%A9lite-du-support-client-bilingue-fran%C3%A7ais-anglais-%E2%80%93-100-%25-t%C3%A9l%C3%A9travail-%21-at-talentpop-app-4437640852,Rejoignez l'élite du support client bilingue (Français/Anglais) – 100 % Télétravail !,TalentPop App,failed|wp_post_failed,2026-07-14T12:24:22.462677,
fdab8b19bf0d5481,https://ml.linkedin.com/jobs/view/repr%C3%A9sentant-e-du-service-%C3%A0-la-client%C3%A8le-bilingue-fran%C3%A7ais-anglais-%E2%80%94-t%C3%A9l%C3%A9travail-at-talentpop-app-4437655129,Représentant(e) du Service à la Clientèle Bilingue (Français/Anglais) — Télétravail,TalentPop App,failed|wp_post_failed,2026-07-14T12:24:55.033568,
f8e9c31354bf40e4,https://ml.linkedin.com/jobs/view/repr%C3%A9sentant-e-du-service-%C3%A0-la-client%C3%A8le-bilingue-fran%C3%A7ais-anglais-%E2%80%94-t%C3%A9l%C3%A9travail-at-talentpop-app-4437639868,Représentant(e) du Service à la Clientèle Bilingue (Français/Anglais) — Télétravail,TalentPop App,failed|wp_post_failed,2026-07-14T12:25:08.416639,
6a159da5c006025b,https://ml.linkedin.com/jobs/view/dioula-linguistic-specialist-%2495-hr-remote-at-crossing-hurdles-4432233444,Dioula Linguistic Specialist | $95/hr Remote,Crossing Hurdles,failed|wp_post_failed,2026-07-14T12:25:21.769508,
eee7e7ca0cfad796,https://ml.linkedin.com/jobs/view/agent-de-support-client%C3%A8le-international-h-f-at-talentpop-app-4437636896,Agent de Support Clientèle International (H/F),TalentPop App,failed|wp_post_failed,2026-07-14T12:25:29.324600,
5b9e93c4840a3c1a,https://ml.linkedin.com/jobs/view/agent-de-support-client%C3%A8le-international-h-f-at-talentpop-app-4437641849,Agent de Support Clientèle International (H/F),TalentPop App,failed|wp_post_failed,2026-07-14T12:25:37.733525,
7005a0a22f889da4,https://ml.linkedin.com/jobs/view/information-management-officer-nationals-only-at-undp-careers-4440570075,Information Management Officer (Nationals only),UNDP Careers,posted,2026-07-14T17:49:18.970447,144
09e28dc1e76deb70,https://ml.linkedin.com/jobs/view/senior-technician-at-bia-group-4437682910,Senior Technician,,scraped,2026-07-14T17:49:25.546558,
841cae1efb951ecf,https://ml.linkedin.com/jobs/view/stagiare-administratif-financier-at-bia-group-4437696573,Stagiare Administratif & Financier,,scraped,2026-07-14T17:49:46.112174,
c5e21bc0b6e14cd0,https://ml.linkedin.com/jobs/view/chef-d-%C3%A9quipe-automatisme-electricit%C3%A9-et-instrumentation-at-bramali-boissons-rafra%C3%AEchissantes-du-mali-groupe-castel-4440526249,"Chef d'équipe Automatisme, Electricité et Instrumentation",,scraped,2026-07-14T17:49:54.563271,
201c3e90d0a81d5b,https://ml.linkedin.com/jobs/view/responsable-d%C3%A9veloppement-commercial-at-holicorp-4440589756,Responsable développement commercial,,scraped,2026-07-14T17:50:03.387228,
67baef19b777e4fc,https://ml.linkedin.com/jobs/view/dioula-language-specialist-%2495-hr-remote-at-crossing-hurdles-4432235375,Dioula Language Specialist | $95/hr Remote,Crossing Hurdles,posted,2026-07-14T17:50:17.693807,146
058aa76609fc5e10,https://ml.linkedin.com/jobs/view/french-customer-support-specialist-bilingual-fr-en-non-voice-blended-remote-at-talentpop-app-4437644743,French Customer Support Specialist (Bilingual FR/EN | Non-Voice/Blended | Remote),TalentPop App,posted,2026-07-14T17:50:38.529733,70
b56122663a4ba2f5,https://ml.linkedin.com/jobs/view/french-bilingual-customer-service-specialist-at-talentpop-app-4437658040,French Bilingual Customer Service Specialist,TalentPop App,posted,2026-07-14T17:50:59.525560,96
de78da6de26760b0,https://ml.linkedin.com/jobs/view/french-bilingual-customer-service-specialist-at-talentpop-app-4437641874,French Bilingual Customer Service Specialist,TalentPop App,posted,2026-07-14T17:51:12.755951,96
2b24bca95756aa8b,https://ml.linkedin.com/jobs/view/rejoignez-l-%C3%A9lite-du-support-client-bilingue-fran%C3%A7ais-anglais-%E2%80%93-100-%25-t%C3%A9l%C3%A9travail-%21-at-talentpop-app-4437658007,Rejoignez l'élite du support client bilingue (Français/Anglais) – 100 % Télétravail !,TalentPop App,posted,2026-07-14T17:51:25.513273,148
d6a0b8fc02ff08cf,https://ml.linkedin.com/jobs/view/french-speaking-customer-support-specialist-at-talentpop-app-4437648660,French-Speaking Customer Support Specialist,TalentPop App,posted,2026-07-14T17:51:30.726379,82
9646ffb8bafbb6e3,https://ml.linkedin.com/jobs/view/translator-dioula-english-%2495-hr-remote-at-crossing-hurdles-4439869013,Translator - Dioula/English | $95/hr Remote,Crossing Hurdles,posted,2026-07-14T17:51:51.376930,150
ecb3565aecdec213,https://ml.linkedin.com/jobs/view/programme-officer-no-2-temporary-position-somalia-11-months-mogadiscio-somalia-%2300137680-at-unicef-4440527740,"Programme Officer, NO-2, Temporary Position, Somalia, 11 months, Mogadiscio, Somalia, #00137680",UNICEF,posted,2026-07-14T21:33:34.052260,152
f08182703a807cf3,https://ml.linkedin.com/jobs/view/hier-finden-sie-uns-at-arzt-f%C3%BCr-arzt-personamanagement-4439918619,Hier finden Sie uns:,Arzt für Arzt Personamanagement,posted,2026-07-14T21:33:44.718073,30
cfac0c0d7adc93d2,https://ml.linkedin.com/jobs/view/zahnmedizinische-fachangestellte-m-w-d-f%C3%BCr-prophylaxe-und-assistenz-at-dr-christina-ofner-martin-4438330367,Zahnmedizinische Fachangestellte (m/w/d) für Prophylaxe und Assistenz,Dr. Christina Ofner-Martin,posted,2026-07-14T21:33:55.733808,154
eac41ef99fb735e9,https://ml.linkedin.com/jobs/view/transcriptionist-%2495-hr-remote-at-crossing-hurdles-4439868003,Transcriptionist | $95/hr Remote,Crossing Hurdles,posted,2026-07-14T21:34:04.687339,104
d8c0ad13a6f26844,https://ml.linkedin.com/jobs/view/agent-de-support-client%C3%A8le-international-h-f-at-talentpop-app-4437651228,Agent de Support Clientèle International (H/F),TalentPop App,posted,2026-07-14T21:34:45.147153,156
7a500699ec8b669b,https://ml.linkedin.com/jobs/view/quereinsteiger-zahnmedizinische-fachangestellte-zfa-m-w-d-f%C3%BCr-rezeption-at-dr-christina-ofner-martin-4439981040,Quereinsteiger/ Zahnmedizinische Fachangestellte (ZFA) (m/w/d) für Rezeption,Dr. Christina Ofner-Martin,posted,2026-07-15T06:29:51.310593,158
ec818dceaa98dcda,https://ml.linkedin.com/jobs/view/french-customer-support-specialist-bilingual-fr-en-non-voice-blended-remote-at-talentpop-app-4437645760,French Customer Support Specialist (Bilingual FR/EN | Non-Voice/Blended | Remote),TalentPop App,posted,2026-07-15T06:30:30.122644,70
94216e145887ff85,https://ml.linkedin.com/jobs/view/gol-at-victorio-motors-4438067759,Gol,Victorio Motors,posted,2026-07-15T12:55:53.746911,160
7f489de182fb5625,https://ml.linkedin.com/jobs/view/technical-support-supervisor-at-communication-and-renewable-energy-infrastructure-crei-4440929325,Technical Support Supervisor,,scraped,2026-07-15T12:56:04.377433,
8d5c0720fc815935,https://ml.linkedin.com/jobs/view/key-account-manager-%E2%80%93-it-cybersecurite-at-red-tic-4440982141,KEY ACCOUNT MANAGER – IT & CYBERSECURITE,,scraped,2026-07-15T12:56:18.873306,
791da88ef93191ee,https://ml.linkedin.com/jobs/view/personal-insurance-account-manager-niagara-falls-at-youngs-insurance-brokers-inc-4439804858,Personal Insurance Account Manager - Niagara Falls,,scraped,2026-07-15T12:56:28.245494,
718bb9edfb0caa25,https://ml.linkedin.com/jobs/view/remote-french-bilingual-customer-support-representative-at-talentpop-app-4437647729,Remote French Bilingual Customer Support Representative,TalentPop App,posted,2026-07-15T12:56:57.184077,80
91ed29f2f3f27e71,https://ml.linkedin.com/jobs/view/remote-french-bilingual-customer-support-representative-at-talentpop-app-4437637886,Remote French Bilingual Customer Support Representative,TalentPop App,posted,2026-07-15T12:57:17.961425,80
84fd82eac9bf717e,https://ml.linkedin.com/jobs/view/remote-french-bilingual-customer-support-representative-at-talentpop-app-4437637950,Remote French Bilingual Customer Support Representative,TalentPop App,posted,2026-07-15T12:57:34.907377,80
166e2b1c5a338a84,https://ml.linkedin.com/jobs/view/agent-de-support-client%C3%A8le-international-h-f-at-talentpop-app-4437650464,Agent de Support Clientèle International (H/F),TalentPop App,posted,2026-07-15T12:57:56.129312,162
274a3b60bff886bb,https://ml.linkedin.com/jobs/view/remote-french-bilingual-customer-support-representative-at-talentpop-app-4437652259,Remote French Bilingual Customer Support Representative,TalentPop App,posted,2026-07-15T12:58:07.320858,80
41d048b3484ad401,https://ml.linkedin.com/jobs/view/berufserfahrene-werden-sie-unser-montage-partner-als-subunternehmer-at-gl%C3%BCck-franke-fenster-rolladen-technik-vertriebs-gmbh-4440906633,Berufserfahrene: Werden Sie unser Montage-Partner als Subunternehmer,Glück &amp; Franke Fenster Rolladen Technik Vertriebs GmbH,posted,2026-07-15T12:58:16.988595,164
6b046963f5aa706f,https://ml.linkedin.com/jobs/view/sie-sind-at-thermo-king-s%C3%BCd-4439946646,Sie sind:,THERMO KING SÜD,posted,2026-07-15T12:58:25.919135,138
b8a4b51d3daa3193,https://ml.linkedin.com/jobs/view/fiesta-hatch-at-victorio-motors-4438062930,Fiesta Hatch,Victorio Motors,posted,2026-07-15T18:00:44.838860,102
1032c753979302ff,https://ml.linkedin.com/jobs/view/it-support-engineer-at-red-tic-4440968679,IT SUPPORT ENGINEER,,scraped,2026-07-15T18:00:55.396656,
7099d38745f87579,https://ml.linkedin.com/jobs/view/welcome-officer-at-wave-mobile-money-4440248236,Welcome Officer,,scraped,2026-07-15T18:01:03.627551,
7bedb7f31411ccfc,https://ml.linkedin.com/jobs/view/expert-project-leader-%E2%80%93-trade-investments-at-red-tic-4440972664,EXPERT PROJECT LEADER – TRADE & INVESTMENTS,,scraped,2026-07-15T18:01:12.365269,
09f4fd8aa640f83a,https://ml.linkedin.com/jobs/view/chef-de-projet-amoa-%E2%80%93-erp-retail-it-at-red-tic-4440968713,CHEF DE PROJET AMOA – ERP RETAIL (IT),,scraped,2026-07-15T18:01:28.741799,
a91fe9ec4a4d906d,https://ml.linkedin.com/jobs/view/chef-de-projet-senior-cyber-securite-at-red-tic-4440984042,CHEF DE PROJET SENIOR CYBER SECURITE,,scraped,2026-07-15T18:02:00.306022,
202ac943127ff5b1,https://ml.linkedin.com/jobs/view/french-customer-support-specialist-bilingual-fr-en-non-voice-blended-remote-at-talentpop-app-4437655149,French Customer Support Specialist (Bilingual FR/EN | Non-Voice/Blended | Remote),TalentPop App,posted,2026-07-15T18:02:35.502061,70
507423ab0c4cf1c4,https://ml.linkedin.com/jobs/view/kinderpfleger-in-sozialassistent-in-p%C3%A4dagogische-erg%C3%A4nzungskraft-m-w-d-at-awo-kreisverband-k%C3%B6ln-e-v-4441223044,"Kinderpfleger*in, Sozialassistent*in, Pädagogische Ergänzungskraft (m/w/d)",,scraped,2026-07-15T18:02:37.901040,
e772d55ecd18cdc7,https://ml.linkedin.com/jobs/view/french-bilingual-customer-service-specialist-at-talentpop-app-4437647691,French Bilingual Customer Service Specialist,TalentPop App,posted,2026-07-15T18:02:49.196912,96
dc9c3626bff0fb55,https://ml.linkedin.com/jobs/view/expert-senior-en-r%C3%A9formes-institutionnelles-at-ntu-international-a-s-4440914478,Expert Senior en Réformes Institutionnelles,,scraped,2026-07-15T18:02:57.797606,
8a26b22f26c016d3,https://ml.linkedin.com/jobs/view/ingenieur-data-senior-at-red-tic-4440977474,INGENIEUR DATA SENIOR,,scraped,2026-07-15T18:03:05.263052,
3b875b108c809e8a,https://ml.linkedin.com/jobs/view/architecte-cloud-et-cybersecurite-at-red-tic-4440979481,ARCHITECTE CLOUD ET CYBERSECURITE,,scraped,2026-07-15T18:03:32.137520,
78fd50d7c2ec16bb,https://ml.linkedin.com/jobs/view/erzieher-in-p%C3%A4dagogische-fachkraft-m-w-d-at-awo-kreisverband-k%C3%B6ln-e-v-4441217273,"Erzieher*in, Pädagogische Fachkraft (m/w/d)",,scraped,2026-07-15T21:32:54.405960,
e624d74b13dc63c7,https://ml.linkedin.com/jobs/view/french-bilingual-customer-service-specialist-at-talentpop-app-4437636942,French Bilingual Customer Service Specialist,TalentPop App,posted,2026-07-15T21:33:25.379421,96
b4a6979b7823e930,https://ml.linkedin.com/jobs/view/data-analyst-et-bi-consultant-it-at-red-tic-4440969745,DATA ANALYST ET BI CONSULTANT (IT),,scraped,2026-07-15T21:33:39.956165,
a9e3de6178d0021d,https://ml.linkedin.com/jobs/view/charg%C3%A9-de-la-communication-et-de-la-communaut%C3%A9-4441201647,Chargé De La Communication Et De La Communauté,Conseil des Jeunes Entrepreneurs du Mali (CJEM),posted,2026-07-15T21:33:59.576963,166
c6b831c90511adf6,https://ml.linkedin.com/jobs/view/developpeur-se-fullstack-vuejs2-vuetify-laravel-at-red-tic-4440969768,DEVELOPPEUR(SE) FULLSTACK VUEJS2 / VUETIFY / LARAVEL,,scraped,2026-07-15T21:34:02.130167,
e8e32a0abcdd2d4c,https://ml.linkedin.com/jobs/view/welcome-officer-at-wave-gambia-4440633007,Welcome Officer,Wave Gambia,posted,2026-07-16T06:36:13.624937,168
6b4045ad48619c1b,https://ml.linkedin.com/jobs/view/empfangsmitarbeiter%E2%80%AF-%E2%80%AFrezeptionskraft-m-w-d-%E2%80%93-zahnarztpraxis-at-dr-christina-ofner-martin-4440636318,Empfangsmitarbeiter / Rezeptionskraft (m/w/d) – Zahnarztpraxis,Dr. Christina Ofner-Martin,posted,2026-07-16T06:36:22.161699,110
ce5b3807c36c6963,https://ml.linkedin.com/jobs/view/french%2Benglish-bilingual-customer-service-representative-at-talentpop-app-4438446175,French+English Bilingual Customer Service Representative,TalentPop App,posted,2026-07-16T06:36:47.537224,170
3d04f51700df2f48,https://ml.linkedin.com/jobs/view/french%2Benglish-bilingual-customer-service-representative-at-talentpop-app-4438441626,French+English Bilingual Customer Service Representative,TalentPop App,scraped,2026-07-16T06:36:51.720889,
4db9f73d81b7610f,https://ml.linkedin.com/jobs/view/work-from-home-customer-support-%E2%80%93-french-speaking-at-talentpop-app-4438445213,Work-from-Home Customer Support – French Speaking,TalentPop App,posted,2026-07-16T06:36:56.557333,60
09eb2e17f5872f4e,https://ml.linkedin.com/jobs/view/work-from-home-customer-support-%E2%80%93-french-speaking-at-talentpop-app-4438440645,Work-from-Home Customer Support – French Speaking,TalentPop App,posted,2026-07-16T06:37:05.395437,60
cbc89e5968c63b59,https://ml.linkedin.com/jobs/view/work-from-home-customer-support-%E2%80%93-french-speaking-at-talentpop-app-4438445220,Work-from-Home Customer Support – French Speaking,TalentPop App,scraped,2026-07-16T06:37:09.410233,
05100ed015babeeb,https://ml.linkedin.com/jobs/view/virtual-customer-support-agent-french-english-%E2%80%93-100%25-remote-at-talentpop-app-4438430925,Virtual Customer Support Agent (French/English) – 100% Remote,TalentPop App,posted,2026-07-16T06:37:20.175475,90
23401987fdbf63c3,https://ml.linkedin.com/jobs/view/sp%C3%A9cialiste-bilingue-fran%C3%A7ais-anglais-du-support-client-%E2%80%94-voix-et-chat-at-talentpop-app-4438440626,Spécialiste Bilingue (Français/Anglais) du Support Client — Voix et Chat,TalentPop App,posted,2026-07-16T06:37:38.159478,172
5dd613548e7bd469,https://ml.linkedin.com/jobs/view/expert-senior-juridique-et-r%C3%A9glementaire-du-secteur-de-l%E2%80%99%C3%A9nergie-at-ntu-international-a-s-4440947911,Expert Senior Juridique et Réglementaire du Secteur de l’Énergie,,scraped,2026-07-16T06:37:40.895858,
c42d90932c49f52c,https://ml.linkedin.com/jobs/view/assistant-monitoring-evaluation-m-e-at-international-medical-corps-4440988609,"Assistant, Monitoring & Evaluation (M&E)",International Medical Corps,posted,2026-07-16T13:07:25.214529,174
91dcbe3f57f035de,https://ml.linkedin.com/jobs/view/coach-agile-scrum-master-facilitateur-at-red-tic-4440967732,COACH AGILE / SCRUM MASTER / FACILITATEUR,,scraped,2026-07-16T13:07:27.786842,
ef69711c73fa8ba8,https://ml.linkedin.com/jobs/view/virtual-customer-support-agent-french-english-%E2%80%93-100%25-remote-at-talentpop-app-4438711536,Virtual Customer Support Agent (French/English) – 100% Remote,TalentPop App,posted,2026-07-16T13:07:37.610439,90
b8161d7d0b284aef,https://ml.linkedin.com/jobs/view/virtual-customer-support-agent-french-english-%E2%80%93-100%25-remote-at-talentpop-app-4438496944,Virtual Customer Support Agent (French/English) – 100% Remote,TalentPop App,posted,2026-07-16T13:07:44.230764,90
3377c53cec4499d9,https://ml.linkedin.com/jobs/view/work-from-home-customer-support-%E2%80%93-french-speaking-at-talentpop-app-4438714376,Work-from-Home Customer Support – French Speaking,TalentPop App,posted,2026-07-16T13:08:01.374731,60
1cb08010a9a4298f,https://ml.linkedin.com/jobs/view/developpeur-mobile-ios-at-red-tic-4441477273,DEVELOPPEUR MOBILE IOS,,scraped,2026-07-16T13:08:05.952223,
42cf69771c625275,https://ml.linkedin.com/jobs/view/bilingual-customer-support-specialist-french-english-100%25-remote-at-talentpop-app-4438708664,Bilingual Customer Support Specialist (French/English) - 100% Remote,TalentPop App,posted,2026-07-16T13:08:15.346057,56
1583cc6c89c77648,https://ml.linkedin.com/jobs/view/bilingual-customer-support-specialist-french-english-100%25-remote-at-talentpop-app-4438499875,Bilingual Customer Support Specialist (French/English) - 100% Remote,TalentPop App,posted,2026-07-16T13:08:19.999457,56
1aacce4f93e4d137,https://ml.linkedin.com/jobs/view/bilingual-customer-support-specialist-french-english-100%25-remote-at-talentpop-app-4438701764,Bilingual Customer Support Specialist (French/English) - 100% Remote,TalentPop App,posted,2026-07-16T13:08:24.737328,56
b4c79d46739be954,https://ml.linkedin.com/jobs/view/french%2Benglish-bilingual-customer-service-representative-at-talentpop-app-4438431901,French+English Bilingual Customer Service Representative,TalentPop App,posted,2026-07-16T13:08:35.530424,176
b3268073286f75de,https://ml.linkedin.com/jobs/view/french%2Benglish-bilingual-customer-service-representative-at-talentpop-app-4438432867,French+English Bilingual Customer Service Representative,TalentPop App,posted,2026-07-16T13:08:47.675586,178
4dbc4bb2510db9f5,https://ml.linkedin.com/jobs/view/francophone-customer-support-representative-%E2%80%93-remote-at-talentpop-app-4438499868,Francophone Customer Support Representative – Remote,TalentPop App,posted,2026-07-16T13:08:55.465060,180
f7f8154f14823f3f,https://ml.linkedin.com/jobs/view/charg%C3%A9-de-client%C3%A8le-bilingue-anglais-fran%C3%A7ais-100%25-t%C3%A9l%C3%A9travail-at-talentpop-app-4438709665,Chargé de Clientèle Bilingue (Anglais/Français) - 100% Télétravail,TalentPop App,posted,2026-07-16T13:09:08.992140,182
b8c233c76750cdfe,https://ml.linkedin.com/jobs/view/surveillant-e-scolaire-bamako-at-enko-education-4441477763,Surveillant(e) scolaire - Bamako,Enko Education,posted,2026-07-16T17:57:06.728472,184
393c03e391d10580,https://ml.linkedin.com/jobs/view/ml-risk-compliance-lead-at-wave-mobile-money-4382983990,ML Risk & Compliance Lead,,scraped,2026-07-16T17:57:15.354137,
7b83c38a810f003b,https://ml.linkedin.com/jobs/view/dioula-transcription-annotation-specialist-%2495-hr-remote-at-crossing-hurdles-4432232510,Dioula Transcription & Annotation Specialist | $95/hr Remote,Crossing Hurdles,posted,2026-07-16T17:57:48.421352,186
450b437060d87bf4,https://ml.linkedin.com/jobs/view/data-analyst-support-analyst-it-at-red-tic-4439725601,DATA ANALYST / SUPPORT ANALYST (IT),,scraped,2026-07-16T17:57:51.111960,
115623cd07033a19,https://ml.linkedin.com/jobs/view/charg%C3%A9-de-client%C3%A8le-bilingue-anglais-fran%C3%A7ais-100%25-t%C3%A9l%C3%A9travail-at-talentpop-app-4438712475,Chargé de Clientèle Bilingue (Anglais/Français) - 100% Télétravail,TalentPop App,posted,2026-07-16T17:58:13.377076,188
6c1903416c937496,https://ml.linkedin.com/jobs/view/work-from-home-customer-support-%E2%80%93-french-speaking-at-talentpop-app-4438716053,Work-from-Home Customer Support – French Speaking,TalentPop App,posted,2026-07-16T17:58:18.008443,60
dabfbd2e9b3bcdc7,https://ml.linkedin.com/jobs/view/work-from-home-customer-support-%E2%80%93-french-speaking-at-talentpop-app-4438442515,Work-from-Home Customer Support – French Speaking,TalentPop App,scraped,2026-07-16T17:58:22.202084,
1ecec17527ecc4dc,https://ml.linkedin.com/jobs/view/work-from-home-customer-support-%E2%80%93-french-speaking-at-talentpop-app-4438718011,Work-from-Home Customer Support – French Speaking,TalentPop App,posted,2026-07-16T17:58:26.800823,60
d4fb89c0a51caa1f,https://ml.linkedin.com/jobs/view/virtual-customer-support-agent-french-english-%E2%80%93-100%25-remote-at-talentpop-app-4438427955,Virtual Customer Support Agent (French/English) – 100% Remote,TalentPop App,posted,2026-07-16T17:58:33.477692,90
d7316a143f46815d,https://ml.linkedin.com/jobs/view/virtual-customer-support-agent-french-english-%E2%80%93-100%25-remote-at-talentpop-app-4438712438,Virtual Customer Support Agent (French/English) – 100% Remote,TalentPop App,posted,2026-07-16T17:58:38.214733,90
4f67d4164c9c22e5,https://ml.linkedin.com/jobs/view/virtual-customer-support-agent-french-english-%E2%80%93-100%25-remote-at-talentpop-app-4438427956,Virtual Customer Support Agent (French/English) – 100% Remote,TalentPop App,scraped,2026-07-16T17:58:42.285444,
fd98344ff206bceb,https://ml.linkedin.com/jobs/view/francophone-customer-support-representative-%E2%80%93-remote-at-talentpop-app-4438716064,Francophone Customer Support Representative – Remote,TalentPop App,posted,2026-07-16T17:58:46.844506,180
f488cbf258dcce0f,https://ml.linkedin.com/jobs/view/expert-senior-en-%C3%A9nergies-renouvelables-at-ntu-international-a-s-4441482799,Expert Senior en Énergies Renouvelables,,scraped,2026-07-16T17:58:55.499051,
3f7d5c59875f1e24,https://ml.linkedin.com/jobs/view/sp%C3%A9cialiste-bilingue-fran%C3%A7ais-anglais-du-support-client-%E2%80%94-voix-et-chat-at-talentpop-app-4438443189,Spécialiste Bilingue (Français/Anglais) du Support Client — Voix et Chat,TalentPop App,posted,2026-07-16T17:59:25.308225,190
e82b653dc8e5fec3,https://ml.linkedin.com/jobs/view/ingenieur-systemes-et-reseaux-at-red-tic-4440971852,INGENIEUR SYSTEMES ET RESEAUX,,scraped,2026-07-16T17:59:29.909614,
45258dfa1e35bf3a,https://ml.linkedin.com/jobs/view/francophone-customer-support-representative-%E2%80%93-remote-at-talentpop-app-4438705736,Francophone Customer Support Representative – Remote,TalentPop App,posted,2026-07-16T20:41:08.869128,180
1364d342ed020ddb,https://ml.linkedin.com/jobs/view/virtual-customer-support-agent-french-english-%E2%80%93-100%25-remote-at-talentpop-app-4438710573,Virtual Customer Support Agent (French/English) – 100% Remote,TalentPop App,posted,2026-07-16T20:41:27.962001,90
01d6881ea761ae8c,https://ml.linkedin.com/jobs/view/francophone-customer-support-representative-%E2%80%93-remote-at-talentpop-app-4438496922,Francophone Customer Support Representative – Remote,TalentPop App,posted,2026-07-16T20:41:36.770565,180
e46aea4828f319a1,https://ml.linkedin.com/jobs/view/it-support-manager-at-red-tic-4440969766,IT SUPPORT MANAGER,,scraped,2026-07-16T20:41:47.477239,
311dd24c6a4ba035,https://ml.linkedin.com/jobs/view/ing%C3%A9nieur-ivvq-syst%C3%A8me-at-red-tic-4441475667,INGÉNIEUR IVVQ SYSTÈME,,scraped,2026-07-16T20:42:03.173063,
04cf00153eb49b26,https://ml.linkedin.com/jobs/view/expert-senior-code-de-l%E2%80%99%C3%A9lectricit%C3%A9-r%C3%A9daction-r%C3%A9glementaire-at-ntu-international-a-s-4441477362,Expert Senior Code de l’Électricité / Rédaction Réglementaire,,scraped,2026-07-16T20:42:23.085100,
8f44e6f564559627,https://ml.linkedin.com/jobs/view/grants-manager-expatri%C3%A9-e-bamako-mali-at-reliefweb-4441641249,"Grants Manager (Expatrié/e) - Bamako, Mali",ReliefWeb,posted,2026-07-17T06:28:40.119768,192
99d8bb3f354cc88f,https://ml.linkedin.com/jobs/view/hier-finden-sie-uns-at-arzt-f%C3%BCr-arzt-personamanagement-4441101460,Hier finden Sie uns:,Arzt für Arzt Personamanagement,posted,2026-07-17T06:29:04.846114,30
ea7a2bd37f643e1a,https://ml.linkedin.com/jobs/view/bilingual-customer-support-specialist-french-english-100%25-remote-at-talentpop-app-4438710606,Bilingual Customer Support Specialist (French/English) - 100% Remote,TalentPop App,posted,2026-07-17T06:29:15.784160,56
71da33768046ecb7,https://ml.linkedin.com/jobs/view/work-from-home-customer-support-%E2%80%93-french-speaking-at-talentpop-app-4438435806,Work-from-Home Customer Support – French Speaking,TalentPop App,posted,2026-07-17T06:29:20.438790,60
234020f90ebd9867,https://ml.linkedin.com/jobs/view/virtual-customer-support-agent-french-english-%E2%80%93-100%25-remote-at-talentpop-app-4438443199,Virtual Customer Support Agent (French/English) – 100% Remote,TalentPop App,posted,2026-07-17T06:29:29.071231,90
87b84962ec425585,https://ml.linkedin.com/jobs/view/french-customer-support-specialist-bilingual-fr-en-non-voice-blended-remote-at-talentpop-app-4439204077,French Customer Support Specialist (Bilingual FR/EN | Non-Voice/Blended | Remote),TalentPop App,posted,2026-07-17T06:29:39.894657,70
62b94ab08a65632b,https://ml.linkedin.com/jobs/view/french%2Benglish-bilingual-customer-service-representative-at-talentpop-app-4438444170,French+English Bilingual Customer Service Representative,TalentPop App,posted,2026-07-17T06:29:51.596909,194
e5f1727b13399aa7,https://ml.linkedin.com/jobs/view/french-speaking-customer-support-specialist-at-talentpop-app-4438792407,French-Speaking Customer Support Specialist,TalentPop App,posted,2026-07-17T06:30:02.561163,82
0a516c6abaf4e9aa,https://ml.linkedin.com/jobs/view/charg%C3%A9-de-client%C3%A8le-bilingue-anglais-fran%C3%A7ais-100%25-t%C3%A9l%C3%A9travail-at-talentpop-app-4438708683,Chargé de Clientèle Bilingue (Anglais/Français) - 100% Télétravail,TalentPop App,posted,2026-07-17T06:30:11.930982,196
bc5179798a3c2449,https://ml.linkedin.com/jobs/view/sp%C3%A9cialiste-bilingue-fran%C3%A7ais-anglais-du-support-client-%E2%80%94-voix-et-chat-at-talentpop-app-4438430967,Spécialiste Bilingue (Français/Anglais) du Support Client — Voix et Chat,TalentPop App,posted,2026-07-17T06:30:21.466972,198
3fe1ee410bb5354d,https://ml.linkedin.com/jobs/view/french-speaking-customer-support-specialist-at-talentpop-app-4438787526,French-Speaking Customer Support Specialist,TalentPop App,posted,2026-07-17T06:30:34.476943,82
a8e219ecacc5645c,https://ml.linkedin.com/jobs/view/repr%C3%A9sentant-e-du-service-%C3%A0-la-client%C3%A8le-bilingue-fran%C3%A7ais-anglais-%E2%80%94-t%C3%A9l%C3%A9travail-at-talentpop-app-4438782917,Représentant(e) du Service à la Clientèle Bilingue (Français/Anglais) — Télétravail,TalentPop App,posted,2026-07-17T06:30:45.056132,200
df2d661c5d094cb2,https://ml.linkedin.com/jobs/view/french-speaking-customer-support-specialist-at-talentpop-app-4438797230,French-Speaking Customer Support Specialist,TalentPop App,posted,2026-07-17T06:30:49.749114,82
eb11ae77ee51a4ae,https://ml.linkedin.com/jobs/view/expert-senior-ppp-participation-du-secteur-priv%C3%A9-at-ntu-international-a-s-4438468371,Expert Senior PPP / Participation du Secteur Privé,,scraped,2026-07-17T06:30:54.312149,
d1aaf8a0f0bb7bc1,https://ml.linkedin.com/jobs/view/repr%C3%A9sentant-e-du-service-%C3%A0-la-client%C3%A8le-bilingue-fran%C3%A7ais-anglais-%E2%80%94-t%C3%A9l%C3%A9travail-at-talentpop-app-4439203089,Représentant(e) du Service à la Clientèle Bilingue (Français/Anglais) — Télétravail,TalentPop App,posted,2026-07-17T06:31:08.932159,202
a59980aee6d5b9d4,https://ml.linkedin.com/jobs/view/devenez-ambassadeur-de-la-relation-client-r%C3%A9seau-global-fran%C3%A7ais-anglais-%E2%80%94-100%25-t%C3%A9l%C3%A9travail-at-talentpop-app-4438436847,Devenez Ambassadeur de la Relation Client Réseau Global (Français/Anglais) — 100% Télétravail,TalentPop App,posted,2026-07-17T06:31:28.212046,204
eb4ce2b4c65b71f7,https://ml.linkedin.com/jobs/view/repr%C3%A9sentant-e-du-service-%C3%A0-la-client%C3%A8le-bilingue-fran%C3%A7ais-anglais-%E2%80%94-t%C3%A9l%C3%A9travail-at-talentpop-app-4439201109,Représentant(e) du Service à la Clientèle Bilingue (Français/Anglais) — Télétravail,TalentPop App,posted,2026-07-17T06:31:37.549358,206
e46bb57944ba57f2,https://ml.linkedin.com/jobs/view/french-speaking-customer-support-specialist-at-talentpop-app-4438781900,French-Speaking Customer Support Specialist,TalentPop App,posted,2026-07-17T06:31:44.321017,82
14f509eb6243f065,https://ml.linkedin.com/jobs/view/sie-sind-at-thermo-king-s%C3%BCd-4440739076,Sie sind:,THERMO KING SÜD,posted,2026-07-17T06:32:07.100872,138
0458793dd984c2ea,https://ml.linkedin.com/jobs/view/ka-hatch-at-victorio-motors-4438790927,Ka Hatch,Victorio Motors,posted,2026-07-17T12:02:57.255062,208
81c5da243d955f91,https://ml.linkedin.com/jobs/view/diako-soziale-einrichtungen-gmbh-residenz-geltinger-bucht-at-wireg-mbh-4438748708,DIAKO - Soziale Einrichtungen GmbH - Residenz Geltinger Bucht,,scraped,2026-07-17T12:03:27.562094,
24655c518ce52500,https://ml.linkedin.com/jobs/view/l-200-triton-at-victorio-motors-4439202619,L 200 Triton,Victorio Motors,posted,2026-07-17T17:45:31.750949,210
078ca93f84870e5c,https://ml.linkedin.com/jobs/view/partner-operations-representative-at-wave-gambia-4441300597,Partner Operations Representative,Wave Gambia,posted,2026-07-17T17:46:03.771852,212
31cf7bd905b99b43,https://ml.linkedin.com/jobs/view/ing%C3%A9nieur-syst%C3%A8me-r%C3%A9seau-at-red-tic-4441481459,INGÉNIEUR SYSTÈME RÉSEAU,,scraped,2026-07-17T17:46:08.417793,
ba8b029673109686,https://ml.linkedin.com/jobs/view/charg%C3%A9-de-client%C3%A8le-bilingue-anglais-fran%C3%A7ais-100%25-t%C3%A9l%C3%A9travail-at-talentpop-app-4438717049,Chargé de Clientèle Bilingue (Anglais/Français) - 100% Télétravail,TalentPop App,posted,2026-07-17T17:46:24.753283,214
c2aa90abe37cd089,https://ml.linkedin.com/jobs/view/technicien-installateur-et-cableur-des-systeme-solaire-4420973644,TECHNICIEN INSTALLATEUR ET CABLEUR DES SYSTEME SOLAIRE,SOLARX MALI,posted,2026-07-17T17:46:37.641677,216
a1fd3b75f1561eb4,https://ml.linkedin.com/jobs/view/diako-soziale-einrichtungen-gmbh-albertinenstift-at-wireg-mbh-4438742948,DIAKO - Soziale Einrichtungen GmbH - Albertinenstift,,scraped,2026-07-17T17:46:40.030608,
4645ed4eaf2ea3de,https://ml.linkedin.com/jobs/view/diako-soziale-einrichtungen-gmbh-seniorenwohnpark-buchenhain-at-wireg-mbh-4438761364,DIAKO - Soziale Einrichtungen GmbH - Seniorenwohnpark Buchenhain,,scraped,2026-07-17T17:46:49.133733,
9ae347cff4c230f3,https://ml.linkedin.com/jobs/view/repr%C3%A9sentant-e-du-service-%C3%A0-la-client%C3%A8le-bilingue-fran%C3%A7ais-anglais-%E2%80%94-t%C3%A9l%C3%A9travail-at-talentpop-app-4438796237,Représentant(e) du Service à la Clientèle Bilingue (Français/Anglais) — Télétravail,TalentPop App,posted,2026-07-17T17:47:13.464423,218
8ce1450724d36d41,https://ml.linkedin.com/jobs/view/french%2Benglish-bilingual-customer-service-representative-at-talentpop-app-4438434836,French+English Bilingual Customer Service Representative,TalentPop App,posted,2026-07-17T17:47:24.305338,220
aaed8fb7764f36eb,https://ml.linkedin.com/jobs/view/expert-senior-%C3%A9lectrification-hors-r%C3%A9seau-at-ntu-international-a-s-4442106963,Expert Senior Électrification Hors Réseau,,scraped,2026-07-17T17:48:06.955696,
32e977aedb39d6c7,https://ml.linkedin.com/jobs/view/driver-at-unops-4439266189,Driver,UNOPS,posted,2026-07-17T20:40:02.773176,222
b6ac769db361ed84,https://ml.linkedin.com/jobs/view/partner-operations-representative-at-wave-mobile-money-4442127071,Partner Operations Representative,,scraped,2026-07-17T20:40:11.349377,
878d88efe9ed8d5a,https://ml.linkedin.com/jobs/view/ng%C3%A9nieur-iot-syst%C3%A8mes-embarqu%C3%A9s-at-holicorp-4442151135,NGÉNIEUR IOT & SYSTÈMES EMBARQUÉS,HoliCorp,posted,2026-07-17T20:41:08.499375,224
3574ea6b52289856,https://ml.linkedin.com/jobs/view/assistant-rh-at-antares-4441991036,Assistant RH,,scraped,2026-07-17T20:41:25.054422,
65d795c8a2a545ad,https://ml.linkedin.com/jobs/view/expert-senior-mini-r%C3%A9seaux-%C3%A9lectriques-at-ntu-international-a-s-4441609140,Expert Senior Mini-Réseaux Électriques,,scraped,2026-07-17T20:42:40.087689,
e60836202e3b1eaa,https://ml.linkedin.com/jobs/view/hier-finden-sie-uns-at-arzt-f%C3%BCr-arzt-personamanagement-4441183088,Hier finden Sie uns:,Arzt für Arzt Personamanagement,posted,2026-07-17T20:42:49.181679,30
e7b733b09c8cc4a0,https://ml.linkedin.com/jobs/view/french-bilingual-customer-service-specialist-at-talentpop-app-4438793301,French Bilingual Customer Service Specialist,TalentPop App,posted,2026-07-18T05:55:35.358859,96
32b7ce8727deae6f,https://ml.linkedin.com/jobs/view/french-bilingual-customer-service-specialist-at-talentpop-app-4439200140,French Bilingual Customer Service Specialist,TalentPop App,posted,2026-07-18T05:55:40.498075,96
c8303ff3b0d9051b,https://ml.linkedin.com/jobs/view/apotheker-in-m-w-d-voll-teilzeit-at-landesapothekerkammer-baden-w%C3%BCrttemberg-4440885389,Apotheker:in (m/w/d) Voll-/Teilzeit,,scraped,2026-07-18T05:55:56.868221,
091df1a546c90667,https://ml.linkedin.com/jobs/view/uno-at-victorio-motors-4439256978,Uno,Victorio Motors,posted,2026-07-18T10:47:50.387587,98
6f634616664d38b1,https://ml.linkedin.com/jobs/view/ka-hatch-at-victorio-motors-4439265360,Ka Hatch,Victorio Motors,posted,2026-07-18T10:48:08.935945,208
73329a9dc7d238bc,https://ml.linkedin.com/jobs/view/french-bilingual-customer-service-specialist-at-talentpop-app-4438795274,French Bilingual Customer Service Specialist,TalentPop App,posted,2026-07-18T10:49:10.141531,96
225314a8ab0cd98e,https://ml.linkedin.com/jobs/view/french-customer-support-specialist-bilingual-fr-en-non-voice-blended-remote-at-talentpop-app-4438797229,French Customer Support Specialist (Bilingual FR/EN | Non-Voice/Blended | Remote),TalentPop App,posted,2026-07-18T10:49:15.288490,70
1869c8c5c08935a5,https://ml.linkedin.com/jobs/view/french-bilingual-customer-service-specialist-at-talentpop-app-4438787536,French Bilingual Customer Service Specialist,TalentPop App,posted,2026-07-18T10:49:22.085582,96
9816c14af377b41c,https://ml.linkedin.com/jobs/view/french-customer-support-specialist-bilingual-fr-en-non-voice-blended-remote-at-talentpop-app-4438796260,French Customer Support Specialist (Bilingual FR/EN | Non-Voice/Blended | Remote),TalentPop App,posted,2026-07-18T15:34:10.830354,70
691844859d774c74,https://ml.linkedin.com/jobs/view/charg%C3%A9-de-client%C3%A8le-bilingue-anglais-fran%C3%A7ais-100%25-t%C3%A9l%C3%A9travail-at-talentpop-app-4439608801,Chargé de Clientèle Bilingue (Anglais/Français) - 100% Télétravail,TalentPop App,posted,2026-07-18T15:34:22.404271,226
7de186e790888d15,https://ml.linkedin.com/jobs/view/french-bilingual-customer-service-specialist-at-talentpop-app-4439610669,French Bilingual Customer Service Specialist,TalentPop App,posted,2026-07-18T15:34:39.324037,96
5d90d0a31e5fb2d4,https://ml.linkedin.com/jobs/view/francophone-customer-support-representative-%E2%80%93-remote-at-talentpop-app-4439622380,Francophone Customer Support Representative – Remote,TalentPop App,posted,2026-07-18T15:34:46.436925,180
5515f7090959ae5b,https://ml.linkedin.com/jobs/view/french-speaking-customer-support-specialist-at-talentpop-app-4439623329,French-Speaking Customer Support Specialist,TalentPop App,posted,2026-07-18T15:34:53.327968,82
29e564874e1bd35e,https://ml.linkedin.com/jobs/view/french-customer-support-specialist-bilingual-fr-en-non-voice-blended-remote-at-talentpop-app-4439628079,French Customer Support Specialist (Bilingual FR/EN | Non-Voice/Blended | Remote),TalentPop App,scraped,2026-07-18T15:34:59.321481,
2e1184bc1fe5e097,https://ml.linkedin.com/jobs/view/french-bilingual-customer-service-specialist-at-talentpop-app-4439623323,French Bilingual Customer Service Specialist,TalentPop App,posted,2026-07-18T15:35:04.109367,96
95bf21e85a0ebd6c,https://ml.linkedin.com/jobs/view/french-customer-support-specialist-bilingual-fr-en-non-voice-blended-remote-at-talentpop-app-4439606946,French Customer Support Specialist (Bilingual FR/EN | Non-Voice/Blended | Remote),TalentPop App,posted,2026-07-18T15:35:08.995850,70
245fbe34e6789c32,https://ml.linkedin.com/jobs/view/french-customer-support-specialist-bilingual-fr-en-non-voice-blended-remote-at-talentpop-app-4439617497,French Customer Support Specialist (Bilingual FR/EN | Non-Voice/Blended | Remote),TalentPop App,posted,2026-07-18T15:35:13.748002,70
4259d85206ca8ef2,https://ml.linkedin.com/jobs/view/french-bilingual-customer-service-specialist-at-talentpop-app-4439624279,French Bilingual Customer Service Specialist,TalentPop App,posted,2026-07-18T15:35:20.409138,96
a1b3c41ac37edfef,https://ml.linkedin.com/jobs/view/repr%C3%A9sentant-e-du-service-%C3%A0-la-client%C3%A8le-bilingue-fran%C3%A7ais-anglais-%E2%80%94-t%C3%A9l%C3%A9travail-at-talentpop-app-4439617472,Représentant(e) du Service à la Clientèle Bilingue (Français/Anglais) — Télétravail,TalentPop App,posted,2026-07-18T15:35:33.517514,228
615789eb92920cd5,https://ml.linkedin.com/jobs/view/bilingual-customer-support-specialist-french-english-100%25-remote-at-talentpop-app-4439624317,Bilingual Customer Support Specialist (French/English) - 100% Remote,TalentPop App,posted,2026-07-18T18:41:42.021448,56
9f551b818d346dbb,https://ml.linkedin.com/jobs/view/francophone-customer-support-representative-%E2%80%93-remote-at-talentpop-app-4439615530,Francophone Customer Support Representative – Remote,TalentPop App,posted,2026-07-18T22:35:26.000879,180
a8a95d8f3a7e23a2,https://ml.linkedin.com/jobs/view/charg%C3%A9-de-client%C3%A8le-bilingue-anglais-fran%C3%A7ais-100%25-t%C3%A9l%C3%A9travail-at-talentpop-app-4439624355,Chargé de Clientèle Bilingue (Anglais/Français) - 100% Télétravail,TalentPop App,posted,2026-07-18T22:35:48.573849,230
d59e30caed3505a0,https://ml.linkedin.com/jobs/view/charg%C3%A9-de-client%C3%A8le-bilingue-anglais-fran%C3%A7ais-100%25-t%C3%A9l%C3%A9travail-at-talentpop-app-4439625336,Chargé de Clientèle Bilingue (Anglais/Français) - 100% Télétravail,TalentPop App,posted,2026-07-18T22:35:59.800107,232
1a172808ef8cc110,https://ml.linkedin.com/jobs/view/french-speaking-customer-support-specialist-at-talentpop-app-4439629027,French-Speaking Customer Support Specialist,TalentPop App,posted,2026-07-18T22:36:24.689248,82
bcdc634fd2b3041f,https://ml.linkedin.com/jobs/view/french-bilingual-customer-service-specialist-at-talentpop-app-4439606928,French Bilingual Customer Service Specialist,TalentPop App,posted,2026-07-18T22:36:29.580365,96
587c887b93bb7e33,https://ml.linkedin.com/jobs/view/french-customer-support-specialist-bilingual-fr-en-non-voice-blended-remote-at-talentpop-app-4439612577,French Customer Support Specialist (Bilingual FR/EN | Non-Voice/Blended | Remote),TalentPop App,posted,2026-07-18T22:36:34.241909,70
b9e82fabfa0a6f66,https://ml.linkedin.com/jobs/view/sp%C3%A9cialiste-bilingue-fran%C3%A7ais-anglais-du-support-client-%E2%80%94-voix-et-chat-at-talentpop-app-4438427989,Spécialiste Bilingue (Français/Anglais) du Support Client — Voix et Chat,TalentPop App,posted,2026-07-18T22:36:44.575574,234
be15390e3acb7bba,https://ml.linkedin.com/jobs/view/french-speaking-customer-support-specialist-at-talentpop-app-4439611710,French-Speaking Customer Support Specialist,TalentPop App,posted,2026-07-18T22:36:49.229128,82
f71210fedb97444f,https://ml.linkedin.com/jobs/view/hier-finden-sie-uns-at-arzt-f%C3%BCr-arzt-personamanagement-4441734907,Hier finden Sie uns:,Arzt für Arzt Personamanagement,posted,2026-07-18T22:36:57.831510,30
d9e5005633ac8f45,https://ml.linkedin.com/jobs/view/fulltime-medewerker-at-waasland-shopping-4442490892,Fulltime medewerker,Waasland Shopping,posted,2026-07-19T07:51:50.402487,236
1c4f355b33ef04e0,https://ml.linkedin.com/jobs/view/francophone-customer-support-representative-%E2%80%93-remote-at-talentpop-app-4439612561,Francophone Customer Support Representative – Remote,TalentPop App,posted,2026-07-19T07:52:01.164730,180
1c8275629c5eba3c,https://ml.linkedin.com/jobs/view/programme-officer-no-2-temporary-position-somalia-364-days-gaalkacyo-somalia-%2300137680-at-unicef-4440527740,"Programme Officer, NO-2, Temporary Position, Somalia, 364 days, Gaalkacyo, Somalia, #00137680",UNICEF,posted,2026-07-19T11:40:57.743795,238
9f2dbac0561844bb,https://ml.linkedin.com/jobs/view/premium-cash-officer-at-wave-mobile-money-4393589032,Premium Cash Officer,,scraped,2026-07-19T11:41:02.346449,
059bdb56acc5f8df,https://ml.linkedin.com/jobs/view/francophone-customer-support-representative-%E2%80%93-remote-at-talentpop-app-4439629059,Francophone Customer Support Representative – Remote,TalentPop App,posted,2026-07-19T15:34:51.797055,180
7e99e81dd6faf0a9,https://ml.linkedin.com/jobs/view/bilingual-customer-support-specialist-french-english-100%25-remote-at-talentpop-app-4439623332,Bilingual Customer Support Specialist (French/English) - 100% Remote,TalentPop App,posted,2026-07-19T15:35:04.538570,56
2aaef4cc3f3202fa,https://ml.linkedin.com/jobs/view/repr%C3%A9sentant-e-du-service-%C3%A0-la-client%C3%A8le-bilingue-fran%C3%A7ais-anglais-%E2%80%94-t%C3%A9l%C3%A9travail-at-talentpop-app-4439610636,Représentant(e) du Service à la Clientèle Bilingue (Français/Anglais) — Télétravail,TalentPop App,posted,2026-07-19T15:35:12.987117,240
9c6e0ea9108e5d13,https://ml.linkedin.com/jobs/view/repr%C3%A9sentant-e-du-service-%C3%A0-la-client%C3%A8le-bilingue-fran%C3%A7ais-anglais-%E2%80%94-t%C3%A9l%C3%A9travail-at-talentpop-app-4439606937,Représentant(e) du Service à la Clientèle Bilingue (Français/Anglais) — Télétravail,TalentPop App,posted,2026-07-19T15:35:24.183620,242
93c0924d0355fa94,https://ml.linkedin.com/jobs/view/project-contract-manager-at-bia-group-4439251185,Project & Contract Manager,,scraped,2026-07-19T15:35:34.859597,
3b825305ac278cc2,https://ml.linkedin.com/jobs/view/transaction-habitation-at-century-21-fine-homes-estates-alpha-marais-ile-saint-louis-4439684416,Transaction habitation,,scraped,2026-07-19T19:59:56.128952,
d406fa66e1bf1727,https://ml.linkedin.com/jobs/view/french-customer-support-specialist-bilingual-fr-en-non-voice-blended-remote-at-talentpop-app-4439677883,French Customer Support Specialist (Bilingual FR/EN | Non-Voice/Blended | Remote),TalentPop App,posted,2026-07-19T20:00:42.390975,70
0330ca92b63bde49,https://ml.linkedin.com/jobs/view/french-customer-support-specialist-bilingual-fr-en-non-voice-blended-remote-at-talentpop-app-4439681603,French Customer Support Specialist (Bilingual FR/EN | Non-Voice/Blended | Remote),TalentPop App,posted,2026-07-19T20:00:47.493470,70
90a14c726fb9947f,https://ml.linkedin.com/jobs/view/french-customer-support-specialist-bilingual-fr-en-non-voice-blended-remote-at-talentpop-app-4439690249,French Customer Support Specialist (Bilingual FR/EN | Non-Voice/Blended | Remote),TalentPop App,posted,2026-07-19T20:00:52.331084,70
b8fba95344240eb7,https://ml.linkedin.com/jobs/view/palio-at-victorio-motors-4439691364,Palio,Victorio Motors,posted,2026-07-19T22:38:17.836138,244
cdef0ddb6123a58a,https://ml.linkedin.com/jobs/view/aircross-at-victorio-motors-4439696247,Aircross,Victorio Motors,posted,2026-07-19T22:38:30.248899,246
ce39bbfa5047f5c2,https://ml.linkedin.com/jobs/view/bilingual-customer-support-specialist-french-english-100%25-remote-at-talentpop-app-4439607818,Bilingual Customer Support Specialist (French/English) - 100% Remote,TalentPop App,posted,2026-07-19T22:38:56.987767,56
f1921851ba775157,https://ml.linkedin.com/jobs/view/french-customer-support-specialist-bilingual-fr-en-non-voice-blended-remote-at-talentpop-app-4438799191,French Customer Support Specialist (Bilingual FR/EN | Non-Voice/Blended | Remote),TalentPop App,posted,2026-07-20T10:33:56.493484,70
60050412397f00ee,https://ml.linkedin.com/jobs/view/agent-de-terrain-at-ong-acpacom-4442738087,Agent de terrain,ONG ACPACOM,posted,2026-07-20T17:08:57.480133,248
da1e9ea2bfcdc4da,https://ml.linkedin.com/jobs/view/motion-graphics-designer-at-odixcity-consulting-4442730609,Motion graphics designer,Odixcity Consulting,posted,2026-07-20T17:09:21.556469,250
62b1540cdf1605f0,https://ml.linkedin.com/jobs/view/charg%C3%A9-de-client%C3%A8le-bilingue-anglais-fran%C3%A7ais-100%25-t%C3%A9l%C3%A9travail-at-talentpop-app-4439620432,Chargé de Clientèle Bilingue (Anglais/Français) - 100% Télétravail,TalentPop App,posted,2026-07-20T17:09:30.223565,252
c28de3a3ba879032,https://ml.linkedin.com/jobs/view/french-speaking-customer-support-specialist-at-talentpop-app-4439627164,French-Speaking Customer Support Specialist,TalentPop App,posted,2026-07-20T17:09:34.938314,82
8d54443cef478c00,https://ml.linkedin.com/jobs/view/language-teacher-%2495-hr-remote-at-crossing-hurdles-4442073778,Language Teacher | $95/hr Remote,Crossing Hurdles,posted,2026-07-20T17:09:43.559576,106
1d4944b921f837a4,https://ml.linkedin.com/jobs/view/french-customer-support-specialist-bilingual-fr-en-non-voice-blended-remote-at-talentpop-app-4439699024,French Customer Support Specialist (Bilingual FR/EN | Non-Voice/Blended | Remote),TalentPop App,posted,2026-07-20T17:10:10.312102,70
874f7f9306ab8aad,https://ml.linkedin.com/jobs/view/hb-20-hatch-at-victorio-motors-4440180760,HB 20 Hatch,Victorio Motors,posted,2026-07-20T21:50:36.042631,254
2f7da0144bd10c7c,https://ml.linkedin.com/jobs/view/stagiaire-en-communication-m%C3%A9dias-at-save-the-children-international-4442734938,Stagiaire en Communication & médias,,scraped,2026-07-20T21:50:42.556865,
de590d6659502094,https://ml.linkedin.com/jobs/view/junior-non-key-experts-in-the-digital-connectivity-study-for-agriculture-and-education-prida-ii-at-ntu-international-a-s-4442705093,Junior Non Key Experts in the Digital Connectivity Study for Agriculture and Education (PRIDA II),,scraped,2026-07-20T21:51:47.104911,
14d2721bd3cfc8e6,https://ml.linkedin.com/jobs/view/recrutement-d%E2%80%99un-assistant-e-financier-%C3%A8re-et-administratif-ve-at-forum-des-ong-internationales-au-mali-4443073008,Recrutement d’un Assistant(e) Financier(ère) et Administratif(ve),,scraped,2026-07-21T07:42:55.580416,
20f685043ddb6a01,https://ml.linkedin.com/jobs/view/appel-%C3%A0-candidatures-pour-le-recrutement-d-un-tuteur-entreprise-at-forum-des-ong-internationales-au-mali-4443065454,Appel à candidatures pour le recrutement d'un tuteur entreprise,,scraped,2026-07-21T07:43:02.521819,
458acf17fd4b8a4d,https://ml.linkedin.com/jobs/view/technicien-ne-de-maintenance-h-f-at-herv%C3%A9-thermique-4440160483,TECHNICIEN(NE) DE MAINTENANCE (H/F),,scraped,2026-07-21T07:43:12.945755,
99e014d1503a7636,https://ml.linkedin.com/jobs/view/accountant-at-odixcity-consulting-4442736364,Accountant,Odixcity Consulting,posted,2026-07-21T07:43:27.499310,256
00c092f74ae370fb,https://ml.linkedin.com/jobs/view/business-development-at-alphaess-nigeria-4443070926,Business Development,AlphaESS Nigeria,posted,2026-07-21T07:43:44.388250,258
d4aee44cdf793054,https://ml.linkedin.com/jobs/view/consultants-en-collecte-analyse-de-donn%C3%A9es-et-reporting-at-iom-un-migration-4442796333,"Consultants en collecte, analyse de données et reporting",IOM - UN Migration,posted,2026-07-21T07:44:29.489288,260
e18428633dfb5bc2,https://ml.linkedin.com/jobs/view/remote-french-bilingual-customer-support-representative-at-talentpop-app-4440131703,Remote French Bilingual Customer Support Representative,TalentPop App,posted,2026-07-21T07:44:34.327466,80
2adbf6756df56180,https://ml.linkedin.com/jobs/view/finance-administration-manager-at-barrick-mining-corporation-4442632301,Finance & Administration Manager,,scraped,2026-07-21T13:05:18.458288,
c9ccf5ad9add5cc7,https://ml.linkedin.com/jobs/view/mali-at-orange-corners-sudan-4443508614,Mali,,scraped,2026-07-21T18:51:10.307982,
6bc46512b9177f82,https://ml.linkedin.com/jobs/view/uno-at-victorio-motors-4440424758,Uno,Victorio Motors,posted,2026-07-21T18:51:20.500864,98
7e40243d6d44e33b,https://ml.linkedin.com/jobs/view/auxiliar-de-sala-at-instituto-educar-primeiro-emprego-4439675664,AUXILIAR DE SALA,,scraped,2026-07-21T18:51:31.141975,
3c1468f63e6bb59d,https://ml.linkedin.com/jobs/view/health-specialist-no-3-temporary-position-364-days-mogadiscio-somalia-%2300136898-at-unicef-4442707099,"Health Specialist, NO-3, Temporary Position, 364 days, Mogadiscio, Somalia, #00136898",UNICEF,posted,2026-07-21T18:51:44.344920,262
e15562651480146a,https://ml.linkedin.com/jobs/view/legal-data-analyst-at-odixcity-consulting-4443095303,Legal Data Analyst,Odixcity Consulting,posted,2026-07-21T18:51:52.571875,264
5485bce4a656f1ca,https://ml.linkedin.com/jobs/view/quality-assurance-analyst-at-odixcity-consulting-4442735385,Quality Assurance Analyst,Odixcity Consulting,posted,2026-07-21T18:52:02.358614,266
13f4ceffb89020e5,https://ml.linkedin.com/jobs/view/stagiaire-en-d%C3%A9veloppement-des-affaires-business-development-intern-at-save-the-children-colombia-oficial-4443336709,Stagiaire en Développement des Affaires ( Business Development Intern),,scraped,2026-07-21T18:52:05.028002,
32515e7bebcbc481,https://ml.linkedin.com/jobs/view/a-i-policy-reviewer-at-odixcity-consulting-4443085774,A.I Policy Reviewer,Odixcity Consulting,posted,2026-07-21T18:52:18.565908,268
d73d3a962279cbc9,https://ml.linkedin.com/jobs/view/investigative-researcher-and-data-analyst-interpreter-translator-at-code-for-africa-cfa-4442608769,"Investigative,Researcher and Data Analyst / Interpreter translator",Code For Africa (CfA),posted,2026-07-21T18:52:28.838669,270
72f70e8009b41a90,https://ml.linkedin.com/jobs/view/risk-analyst-at-odixcity-consulting-4443096294,Risk Analyst,Odixcity Consulting,posted,2026-07-21T18:52:36.592173,272
3075d17868c5e9cf,https://ml.linkedin.com/jobs/view/technico-commercial-at-holicorp-4443374024,technico commercial,,scraped,2026-07-21T18:52:39.208760,
593e694e8011caf2,https://ml.linkedin.com/jobs/view/commercial-at-multiple-listing-service-4443329850,Commercial,Multiple Listing Service,posted,2026-07-21T18:52:48.800929,34
dba05d3f1c6a008c,https://ml.linkedin.com/jobs/view/employ%C3%A9-immobilier-at-alstom-belgium-gti-infra-4443392860,Employé immobilier,ALSTOM BELGIUM GTI INFRA,posted,2026-07-21T18:52:59.306176,274
48cc520e2ecaa8f9,https://ml.linkedin.com/jobs/view/grants-coordinator-mali-bamako-poste-national-at-norwegian-refugee-council-4443563816,Grants Coordinator Mali Bamako - Poste National,,scraped,2026-07-21T23:16:01.474502,
c3b61c9ae8476ee8,https://ml.linkedin.com/jobs/view/talent-roster-deputy-program-director-%E2%80%93-operations-sahel-region-at-feed-the-future-senegal-project-dund%C3%ABl-suuf-4443370872,Talent roster - Deputy Program Director – Operations - Sahel Region,,scraped,2026-07-21T23:16:14.363494,
9c54c2b7097226e0,https://ml.linkedin.com/jobs/view/charg%C3%A9-marketing-digital-op%C3%A9rationnel-at-holicorp-4440477039,Chargé Marketing Digital Opérationnel,,scraped,2026-07-21T23:16:33.237944,
20e298087f14df4d,https://ml.linkedin.com/jobs/view/expert-senior-audit-%C3%A9nerg%C3%A9tique-mesure-v%C3%A9rification-m-v-at-ntu-international-a-s-4443387526,Expert Senior Audit Énergétique / Mesure & Vérification (M&V),,scraped,2026-07-21T23:16:40.523979,
188aff0fd0385eae,https://ml.linkedin.com/jobs/view/expert-senior-financement-de-l%E2%80%99acc%C3%A8s-%C3%A0-l%E2%80%99%C3%A9lectricit%C3%A9-at-ntu-international-a-s-4443319506,Expert Senior Financement de l’Accès à l’Électricité,,scraped,2026-07-21T23:16:53.320831,
ae967370a801f266,https://ml.linkedin.com/jobs/view/kinderpfleger-in-sozialassistent-in-p%C3%A4dagogische-erg%C3%A4nzungskraft-m-w-d-at-awo-kreisverband-k%C3%B6ln-e-v-4443523233,"Kinderpfleger*in, Sozialassistent*in, Pädagogische Ergänzungskraft (m/w/d)",,scraped,2026-07-21T23:16:59.991683,
d972eb22e5bfa082,https://ml.linkedin.com/jobs/view/senior-non-key-experts-in-the-digital-connectivity-study-for-agriculture-prida-ii-at-ntu-international-a-s-4442719593,Senior Non Key Experts in the Digital Connectivity Study for Agriculture (PRIDA II),,scraped,2026-07-21T23:17:16.729360,
789cfded5d619d02,https://ml.linkedin.com/jobs/view/stagiaire-en-gestion-administrative-at-experts-com-4443568001,Stagiaire en Gestion Administrative,,scraped,2026-07-22T09:17:54.153927,
610aaa94fbf810ce,https://ml.linkedin.com/jobs/view/banco-de-talentos-at-usemobile-4443119034,Banco de talentos,,scraped,2026-07-22T09:18:10.770157,
b437884fafe543e6,https://ml.linkedin.com/jobs/view/resultado-do-dia-de-sorte-1250-pr%C3%AAmio-acumula-e-pr%C3%B3ximo-sorteio-vale-r%24-3-7-milh%C3%B5es-at-portal-de-prefeitura-4443705178,"Resultado do Dia de Sorte 1250: prêmio acumula e próximo sorteio vale R$ 3,7 milhões",,scraped,2026-07-22T09:18:22.625576,
07aabe25d5afaf36,https://ml.linkedin.com/jobs/view/auxiliar-de-sala-at-instituto-educar-primeiro-emprego-4439681241,AUXILIAR DE SALA,,scraped,2026-07-22T15:53:44.871317,
b4e92d57ce406609,https://ml.linkedin.com/jobs/view/work-from-home-customer-support-%E2%80%93-french-speaking-at-talentpop-app-4441025174,Work-from-Home Customer Support – French Speaking,TalentPop App,posted,2026-07-22T15:54:13.274844,60
a16b388e93afb55e,https://ml.linkedin.com/jobs/view/agent-de-support-client%C3%A8le-international-h-f-at-talentpop-app-4441033009,Agent de Support Clientèle International (H/F),TalentPop App,posted,2026-07-22T15:54:23.440676,276
d46ab466d6340483,https://ml.linkedin.com/jobs/view/agent-de-support-client%C3%A8le-international-h-f-at-talentpop-app-4441034000,Agent de Support Clientèle International (H/F),TalentPop App,posted,2026-07-22T15:54:31.756396,278
ecad386bf3cc0102,https://ml.linkedin.com/jobs/view/repr%C3%A9sentant-e-du-service-%C3%A0-la-client%C3%A8le-bilingue-fran%C3%A7ais-anglais-%E2%80%94-t%C3%A9l%C3%A9travail-at-talentpop-app-4441024109,Représentant(e) du Service à la Clientèle Bilingue (Français/Anglais) — Télétravail,TalentPop App,posted,2026-07-22T15:54:40.382412,280
b887c89e65b90eaa,https://ml.linkedin.com/jobs/view/repr%C3%A9sentant-e-du-service-%C3%A0-la-client%C3%A8le-bilingue-fran%C3%A7ais-anglais-%E2%80%94-t%C3%A9l%C3%A9travail-at-talentpop-app-4441022167,Représentant(e) du Service à la Clientèle Bilingue (Français/Anglais) — Télétravail,TalentPop App,posted,2026-07-22T15:54:49.523576,282
31840d9bade1707e,https://ml.linkedin.com/jobs/view/repr%C3%A9sentant-e-du-service-%C3%A0-la-client%C3%A8le-bilingue-fran%C3%A7ais-anglais-%E2%80%94-t%C3%A9l%C3%A9travail-at-talentpop-app-4441009991,Représentant(e) du Service à la Clientèle Bilingue (Français/Anglais) — Télétravail,TalentPop App,posted,2026-07-22T15:54:58.826096,284
4d1f223d460b0614,https://ml.linkedin.com/jobs/view/french%2Benglish-bilingual-customer-service-representative-at-talentpop-app-4443100018,French+English Bilingual Customer Service Representative,TalentPop App,posted,2026-07-22T15:55:07.147544,286
d35c8611731d7f45,https://ml.linkedin.com/jobs/view/french-customer-support-specialist-bilingual-fr-en-non-voice-blended-remote-at-talentpop-app-4442979892,French Customer Support Specialist (Bilingual FR/EN | Non-Voice/Blended | Remote),TalentPop App,posted,2026-07-22T15:55:11.870843,70
81710c8406e78dda,https://ml.linkedin.com/jobs/view/french-bilingual-customer-service-specialist-at-talentpop-app-4443100013,French Bilingual Customer Service Specialist,TalentPop App,posted,2026-07-22T15:55:16.984264,96
32794e61d9fb526e,https://ml.linkedin.com/jobs/view/french-customer-support-specialist-bilingual-fr-en-non-voice-blended-remote-at-talentpop-app-4442982809,French Customer Support Specialist (Bilingual FR/EN | Non-Voice/Blended | Remote),TalentPop App,posted,2026-07-22T15:55:22.058500,70
e7718e85039e1018,https://ml.linkedin.com/jobs/view/french-bilingual-customer-service-specialist-at-talentpop-app-4442993318,French Bilingual Customer Service Specialist,TalentPop App,posted,2026-07-22T15:55:27.168126,96
5b71fba428a7bb0e,https://ml.linkedin.com/jobs/view/rejoignez-l-%C3%A9lite-du-support-client-bilingue-fran%C3%A7ais-anglais-%E2%80%93-100-%25-t%C3%A9l%C3%A9travail-%21-at-talentpop-app-4441019430,Rejoignez l'élite du support client bilingue (Français/Anglais) – 100 % Télétravail !,TalentPop App,posted,2026-07-22T15:55:37.585545,288
40c9c3a13457532b,https://ml.linkedin.com/jobs/view/rejoignez-l-%C3%A9lite-du-support-client-bilingue-fran%C3%A7ais-anglais-%E2%80%93-100-%25-t%C3%A9l%C3%A9travail-%21-at-talentpop-app-4441027131,Rejoignez l'élite du support client bilingue (Français/Anglais) – 100 % Télétravail !,TalentPop App,posted,2026-07-22T15:55:47.252326,290
554f55a5017bed83,https://ml.linkedin.com/jobs/view/french-speaking-customer-support-specialist-at-talentpop-app-4441025257,French-Speaking Customer Support Specialist,TalentPop App,posted,2026-07-22T15:55:52.139236,82
0902abd1737f1ecc,https://ml.linkedin.com/jobs/view/french-speaking-customer-support-specialist-at-talentpop-app-4441023230,French-Speaking Customer Support Specialist,TalentPop App,posted,2026-07-22T15:55:56.862676,82
50a4da4aa9435313,https://ml.linkedin.com/jobs/view/french-customer-support-specialist-bilingual-fr-en-non-voice-blended-remote-at-talentpop-app-4442999031,French Customer Support Specialist (Bilingual FR/EN | Non-Voice/Blended | Remote),TalentPop App,posted,2026-07-22T15:56:01.902715,70
c8e609350dd2b9a8,https://ml.linkedin.com/jobs/view/french-bilingual-customer-service-specialist-at-talentpop-app-4442994298,French Bilingual Customer Service Specialist,TalentPop App,posted,2026-07-22T15:56:06.714431,96
4d6f623319d3b981,https://ml.linkedin.com/jobs/view/french%2Benglish-bilingual-customer-service-representative-at-talentpop-app-4442992389,French+English Bilingual Customer Service Representative,TalentPop App,posted,2026-07-22T15:56:15.400379,292
b782b63cc833cb8b,https://ml.linkedin.com/jobs/view/repr%C3%A9sentant-e-du-service-%C3%A0-la-client%C3%A8le-bilingue-fran%C3%A7ais-anglais-%E2%80%94-t%C3%A9l%C3%A9travail-at-talentpop-app-4441023234,Représentant(e) du Service à la Clientèle Bilingue (Français/Anglais) — Télétravail,TalentPop App,posted,2026-07-22T15:56:25.037749,294
891821dc145d60ea,https://ml.linkedin.com/jobs/view/azure-architect-at-odixcity-consulting-4443728789,Azure Architect,Odixcity Consulting,posted,2026-07-22T15:56:33.257276,296
1416d2f15a7ff6fd,https://ml.linkedin.com/jobs/view/expert-senior-en-efficacit%C3%A9-%C3%A9nerg%C3%A9tique-at-ntu-international-a-s-4443356647,Expert Senior en Efficacité Énergétique,,scraped,2026-07-22T15:56:35.878351,
da3f5d8075d7fc71,https://ml.linkedin.com/jobs/view/rejoignez-l-%C3%A9lite-du-support-client-bilingue-fran%C3%A7ais-anglais-%E2%80%93-100-%25-t%C3%A9l%C3%A9travail-%21-at-talentpop-app-4441012789,Rejoignez l'élite du support client bilingue (Français/Anglais) – 100 % Télétravail !,TalentPop App,posted,2026-07-22T15:56:49.887852,298
318b7b1c7f7e20d2,https://ml.linkedin.com/jobs/view/french-bilingual-customer-service-specialist-at-talentpop-app-4442986630,French Bilingual Customer Service Specialist,TalentPop App,posted,2026-07-22T15:56:54.802506,96
d9d9110c998c3315,https://ml.linkedin.com/jobs/view/french-speaking-customer-support-specialist-at-talentpop-app-4441031028,French-Speaking Customer Support Specialist,TalentPop App,posted,2026-07-22T15:56:59.792532,82
9aa2f38b397814a9,https://ml.linkedin.com/jobs/view/french-customer-support-specialist-bilingual-fr-en-non-voice-blended-remote-at-talentpop-app-4442976923,French Customer Support Specialist (Bilingual FR/EN | Non-Voice/Blended | Remote),TalentPop App,posted,2026-07-22T15:57:04.754813,70
e05868d73e06ec9e,https://ml.linkedin.com/jobs/view/agent-de-support-client%C3%A8le-international-h-f-at-talentpop-app-4441032023,Agent de Support Clientèle International (H/F),TalentPop App,posted,2026-07-22T20:20:29.866097,300
c23ae5554330b489,https://ml.linkedin.com/jobs/view/work-from-home-customer-support-%E2%80%93-french-speaking-at-talentpop-app-4441017594,Work-from-Home Customer Support – French Speaking,TalentPop App,posted,2026-07-22T20:20:34.699474,60
817e4a522cd7dcab,https://ml.linkedin.com/jobs/view/expert-senior-appareils-efficaces-normes-de-qualit%C3%A9-at-ntu-international-a-s-4443784406,Expert Senior Appareils Efficaces / Normes de Qualité,,scraped,2026-07-22T20:21:01.329308,
03d80f9b1b167d88,https://ml.linkedin.com/jobs/view/french-english-customer-support-associate-at-talentpop-app-4441010920,French-English Customer Support Associate,TalentPop App,posted,2026-07-22T20:21:11.012710,74
380759b242fa12b7,https://ml.linkedin.com/jobs/view/expert-senior-%C3%A9nergie-bois-biomasse-at-ntu-international-a-s-4443908723,Expert Senior Énergie Bois / Biomasse,,scraped,2026-07-22T20:21:17.681280,
863f324044b23db4,https://ml.linkedin.com/jobs/view/sales-specialist-at-liugong-machinery-4441053125,Sales Specialist,LiuGong Machinery,posted,2026-07-22T20:21:42.677067,302
066c7ac54c1d1088,https://ml.linkedin.com/jobs/view/emergency-coordinator-mali-timbuktu-poste-national-at-norwegian-refugee-council-4443501428,Emergency Coordinator Mali Timbuktu- Poste National,,scraped,2026-07-22T20:21:44.982563,
e8348e6413b397a6,https://ml.linkedin.com/jobs/view/computer-vision-annotator-at-odixcity-consulting-4444263489,Computer Vision Annotator,Odixcity Consulting,posted,2026-07-23T07:45:16.311212,304
d480774677cf4789,https://ml.linkedin.com/jobs/view/slowjuicer-150w-sapcentrifuge-at-drogisterij-bilsen-4444256531,Slowjuicer 150W Sapcentrifuge,Drogisterij Bilsen,posted,2026-07-23T07:45:32.212089,306
bd60b20d22406a81,https://ml.linkedin.com/jobs/view/domo-bread-machine-at-drogisterij-bilsen-4444265325,Domo Bread Machine,Drogisterij Bilsen,posted,2026-07-23T07:45:39.441275,308
da1f63194658d1d3,https://ml.linkedin.com/jobs/view/was-wir-ihnen-bieten-at-lebensr%C3%A4ume-gemeinn%C3%BCtzige-betreuungsgesellschaft-mbh-4444251306,Was wir Ihnen bieten,Lebensräume gemeinnützige Betreuungsgesellschaft mbH,posted,2026-07-23T07:45:47.475457,310
de2855b70978ef0e,https://ml.linkedin.com/jobs/view/bilingual-science-teacher-bamako-at-enko-education-4443912778,Bilingual science teacher - Bamako,Enko Education,posted,2026-07-23T07:46:00.111388,312
38607e323ef709a8,https://ml.linkedin.com/jobs/view/trust-and-safety-analyst-at-odixcity-consulting-4443081927,Trust and Safety Analyst,Odixcity Consulting,posted,2026-07-23T07:46:08.143497,314
a7f98a5a3772b3a4,https://ml.linkedin.com/jobs/view/bilingual-mathematics-teacher-bamako-at-enko-education-4443921527,Bilingual Mathematics Teacher - Bamako,Enko Education,posted,2026-07-23T07:47:24.438879,316
61276a254d8c19d8,https://ml.linkedin.com/jobs/view/werkstudent-m-w-d-at-cross-alliance-%E2%80%93-agentur-f%C3%BCr-finanzkommunikation-esg-4443910318,Werkstudent m/w/d,,scraped,2026-07-23T07:47:30.912009,
a872c425cdc778fb,https://ml.linkedin.com/jobs/view/pizzaoven-my-express-pizza-zwart-keramische-steen-at-drogisterij-bilsen-4444248911,Pizzaoven 'My Express Pizza' Zwart - Keramische Steen,Drogisterij Bilsen,posted,2026-07-23T07:47:45.499713,318
559b9a40dcac47e2,https://ml.linkedin.com/jobs/view/devenez-ambassadeur-de-la-relation-client-r%C3%A9seau-global-fran%C3%A7ais-anglais-%E2%80%94-100%25-t%C3%A9l%C3%A9travail-at-talentpop-app-4441099199,Devenez Ambassadeur de la Relation Client Réseau Global (Français/Anglais) — 100% Télétravail,TalentPop App,posted,2026-07-23T07:47:54.262742,320
c0050fa75d130fc8,https://ml.linkedin.com/jobs/view/french-speaking-customer-support-specialist-at-talentpop-app-4443801373,French-Speaking Customer Support Specialist,TalentPop App,posted,2026-07-23T07:47:58.905491,82
175ec6f353444a4d,https://ml.linkedin.com/jobs/view/full-stack-engineer-annotator-at-odixcity-consulting-4443724895,Full stack Engineer Annotator,Odixcity Consulting,posted,2026-07-23T07:48:07.072337,322
5b273ee9b26bb3b4,https://ml.linkedin.com/jobs/view/commercial-soci%C3%A9t%C3%A9-de-gardiennage-4441072714,Commercial société de gardiennage,Securiguard,posted,2026-07-23T07:48:18.700411,324
d27b8697a04bc518,https://ml.linkedin.com/jobs/view/sp%C3%A9cialiste-bilingue-fran%C3%A7ais-anglais-du-support-client-%E2%80%94-voix-et-chat-at-talentpop-app-4443808377,Spécialiste Bilingue (Français/Anglais) du Support Client — Voix et Chat,TalentPop App,posted,2026-07-23T07:48:26.709115,326
0314b645faacfc09,https://ml.linkedin.com/jobs/view/sp%C3%A9cialiste-bilingue-fran%C3%A7ais-anglais-du-support-client-%E2%80%94-voix-et-chat-at-talentpop-app-4443809311,Spécialiste Bilingue (Français/Anglais) du Support Client — Voix et Chat,TalentPop App,posted,2026-07-23T07:48:33.955275,328
226392a8eb571834,https://ml.linkedin.com/jobs/view/sp%C3%A9cialiste-bilingue-fran%C3%A7ais-anglais-du-support-client-%E2%80%94-voix-et-chat-at-talentpop-app-4443498417,Spécialiste Bilingue (Français/Anglais) du Support Client — Voix et Chat,TalentPop App,posted,2026-07-23T07:48:41.352460,330
5ac2a1e21ae611a5,https://ml.linkedin.com/jobs/view/sp%C3%A9cialiste-bilingue-fran%C3%A7ais-anglais-du-support-client-%E2%80%94-voix-et-chat-at-talentpop-app-4443808296,Spécialiste Bilingue (Français/Anglais) du Support Client — Voix et Chat,TalentPop App,posted,2026-07-23T07:48:48.919617,332
715a2bb1fab12f70,https://ml.linkedin.com/jobs/view/resultado-do-dia-de-sorte-1251-cinco-apostas-dividem-pr%C3%AAmio-de-r%24-3-6-milh%C3%B5es-at-portal-de-prefeitura-4444235460,"Resultado do Dia de Sorte 1251: cinco apostas dividem prêmio de R$ 3,6 milhões",,scraped,2026-07-23T07:48:51.225046,
0a16029b8f1a51ca,https://ml.linkedin.com/jobs/view/montana-at-victorio-motors-4441500510,Montana,Victorio Motors,posted,2026-07-23T13:15:10.466818,334
0f7c55c8e88836c7,https://ml.linkedin.com/jobs/view/direct-sales-agent-mali-at-bagginshq-4442656935,Direct Sales Agent - Mali,,scraped,2026-07-23T13:15:13.127225,
7e99b366e7fe2c51,https://ml.linkedin.com/jobs/view/a-i-content-reviewer-at-odixcity-consulting-4443728799,A.I Content Reviewer,Odixcity Consulting,posted,2026-07-23T13:15:39.186014,336
e33dd5a9014b7c9f,https://ml.linkedin.com/jobs/view/it-infrastructure-manager-at-odixcity-consulting-4442744095,IT Infrastructure Manager,Odixcity Consulting,posted,2026-07-23T13:15:49.229827,338
60d1e06c94d6f5a4,https://ml.linkedin.com/jobs/view/after-sales-service-engineer-at-solis-4444225961,After Sales Service Engineer,,scraped,2026-07-23T13:15:51.817599,
64ca7687fa4bb32d,https://ml.linkedin.com/jobs/view/video-content-reviewer-at-odixcity-consulting-4444254756,Video Content Reviewer,Odixcity Consulting,posted,2026-07-23T13:16:06.328085,340
2badaeb9114a545e,https://ml.linkedin.com/jobs/view/soepmaker-1-6-l-at-drogisterij-bilsen-4444259550,"Soepmaker 1,6 L",Drogisterij Bilsen,posted,2026-07-23T13:16:17.127614,342
e989b6b0f349921f,https://ml.linkedin.com/jobs/view/devenez-ambassadeur-de-la-relation-client-r%C3%A9seau-global-fran%C3%A7ais-anglais-%E2%80%94-100%25-t%C3%A9l%C3%A9travail-at-talentpop-app-4441098184,Devenez Ambassadeur de la Relation Client Réseau Global (Français/Anglais) — 100% Télétravail,TalentPop App,posted,2026-07-23T13:16:28.099809,344
5023428bcec695ce,https://ml.linkedin.com/jobs/view/devenez-ambassadeur-de-la-relation-client-r%C3%A9seau-global-fran%C3%A7ais-anglais-%E2%80%94-100%25-t%C3%A9l%C3%A9travail-at-talentpop-app-4441081989,Devenez Ambassadeur de la Relation Client Réseau Global (Français/Anglais) — 100% Télétravail,TalentPop App,posted,2026-07-23T13:16:40.075684,346
7949ccede6046cbf,https://ml.linkedin.com/jobs/view/work-from-home-customer-support-%E2%80%93-french-speaking-at-talentpop-app-4443811262,Work-from-Home Customer Support – French Speaking,TalentPop App,posted,2026-07-23T13:16:56.930744,60
e67b3713bed80f41,https://ml.linkedin.com/jobs/view/work-from-home-customer-support-%E2%80%93-french-speaking-at-talentpop-app-4443814276,Work-from-Home Customer Support – French Speaking,TalentPop App,posted,2026-07-23T13:17:02.336982,60
2b656f9fbdaa7937,https://ml.linkedin.com/jobs/view/french-bilingual-customer-service-specialist-at-talentpop-app-4443495457,French Bilingual Customer Service Specialist,TalentPop App,posted,2026-07-23T13:17:15.432519,96
66e6f20540fe75fe,https://ml.linkedin.com/jobs/view/french-bilingual-customer-service-specialist-at-talentpop-app-4443494368,French Bilingual Customer Service Specialist,TalentPop App,posted,2026-07-23T13:17:20.593572,96
e4d2707a1a5bb0c4,https://ml.linkedin.com/jobs/view/french%2Benglish-bilingual-customer-service-representative-at-talentpop-app-4443810259,French+English Bilingual Customer Service Representative,TalentPop App,posted,2026-07-23T13:17:28.627212,348
3ae26eb4f091a8d9,https://ml.linkedin.com/jobs/view/rejoignez-l-%C3%A9lite-du-support-client-bilingue-fran%C3%A7ais-anglais-%E2%80%93-100-%25-t%C3%A9l%C3%A9travail-%21-at-talentpop-app-4441526239,Rejoignez l'élite du support client bilingue (Français/Anglais) – 100 % Télétravail !,TalentPop App,posted,2026-07-23T13:17:37.404215,350
27b48cdfdd3d1c02,https://ml.linkedin.com/jobs/view/french-speaking-customer-support-specialist-at-talentpop-app-4443800445,French-Speaking Customer Support Specialist,TalentPop App,posted,2026-07-23T13:17:42.123355,82
c7489000d3be2781,https://ml.linkedin.com/jobs/view/french-speaking-customer-support-specialist-at-talentpop-app-4443498366,French-Speaking Customer Support Specialist,TalentPop App,scraped,2026-07-23T13:17:46.313186,
dcc52f8ce62e51ef,https://ml.linkedin.com/jobs/view/french-speaking-customer-support-specialist-at-talentpop-app-4443492412,French-Speaking Customer Support Specialist,TalentPop App,posted,2026-07-23T13:17:51.177188,82
41949002557605d5,https://ml.linkedin.com/jobs/view/french-speaking-customer-support-specialist-at-talentpop-app-4443812315,French-Speaking Customer Support Specialist,TalentPop App,posted,2026-07-23T13:17:55.997998,82
781a35a662ce24a9,https://ml.linkedin.com/jobs/view/citruspers-met-hendel-460ml-160w-at-drogisterij-bilsen-4444248913,Citruspers met Hendel 460ml 160W,Drogisterij Bilsen,posted,2026-07-23T13:18:05.525773,352
59f189b01515ddfe,https://ml.linkedin.com/jobs/view/french-customer-support-specialist-bilingual-fr-en-non-voice-blended-remote-at-talentpop-app-4443811355,French Customer Support Specialist (Bilingual FR/EN | Non-Voice/Blended | Remote),TalentPop App,posted,2026-07-23T13:18:10.168847,70
f1e819a0569b689b,https://ml.linkedin.com/jobs/view/french-customer-support-specialist-bilingual-fr-en-non-voice-blended-remote-at-talentpop-app-4443801315,French Customer Support Specialist (Bilingual FR/EN | Non-Voice/Blended | Remote),TalentPop App,posted,2026-07-23T13:18:14.970938,70
7857fdcb11ab1f8b,https://ml.linkedin.com/jobs/view/french-customer-support-specialist-bilingual-fr-en-non-voice-blended-remote-at-talentpop-app-4443494435,French Customer Support Specialist (Bilingual FR/EN | Non-Voice/Blended | Remote),TalentPop App,posted,2026-07-23T13:18:20.047156,70
609bd6c8a22ac39d,https://ml.linkedin.com/jobs/view/french-bilingual-customer-service-specialist-at-talentpop-app-4443814266,French Bilingual Customer Service Specialist,TalentPop App,posted,2026-07-23T13:18:24.817956,96
a18bb7448b0a47aa,https://ml.linkedin.com/jobs/view/repr%C3%A9sentant-e-du-service-%C3%A0-la-client%C3%A8le-bilingue-fran%C3%A7ais-anglais-%E2%80%94-t%C3%A9l%C3%A9travail-at-talentpop-app-4441500136,Représentant(e) du Service à la Clientèle Bilingue (Français/Anglais) — Télétravail,TalentPop App,posted,2026-07-23T13:18:33.826791,354
7fed7a2bb600560b,https://ml.linkedin.com/jobs/view/french-bilingual-customer-service-specialist-at-talentpop-app-4443497389,French Bilingual Customer Service Specialist,TalentPop App,posted,2026-07-23T13:18:38.953938,96
a88515cf9ba153a4,https://ml.linkedin.com/jobs/view/french-speaking-customer-support-specialist-at-talentpop-app-4443497318,French-Speaking Customer Support Specialist,TalentPop App,scraped,2026-07-23T13:18:43.129635,
355fa4575647278a,https://ml.linkedin.com/jobs/view/french-speaking-customer-support-specialist-at-talentpop-app-4443498464,French-Speaking Customer Support Specialist,TalentPop App,scraped,2026-07-23T13:18:49.280990,
a54ceb216b257dd6,https://ml.linkedin.com/jobs/view/bess-sales-director-at-risen-energy-4442629234,BESS Sales Director,,scraped,2026-07-23T13:18:59.981772,
2b57ef2561bacb2d,https://ml.linkedin.com/jobs/view/expert-senior-cuisson-propre-clean-cooking-at-ntu-international-a-s-4443943634,Expert Senior Cuisson Propre (Clean Cooking),,scraped,2026-07-23T13:19:11.772541,
a2f82abf81f6c94c,https://ml.linkedin.com/jobs/view/vertriebsmitarbeiter-telesales-at-tms-neuhaus-gmbh-4443598582,VERTRIEBSMITARBEITER TELESALES,TMS Neuhaus GmbH,failed|wp_post_failed,2026-07-23T18:23:00.279103,
0c9e8bda8d38f745,https://ml.linkedin.com/jobs/view/%F0%9F%93%A2-avis-de-recrutement-%E2%80%93-stagiaire-community-management-h-f-at-miths-4443986169,📢 AVIS DE RECRUTEMENT – STAGIAIRE COMMUNITY MANAGEMENT (H/F),,scraped,2026-07-23T23:16:41.744098,
bdae40fbb8e92fa6,https://ml.linkedin.com/jobs/view/recrutement-d-un-e-assistant-e-administration-at-forum-des-ong-internationales-au-mali-4444726758,Recrutement d'un(e) Assistant(e) Administration,,scraped,2026-07-23T23:16:53.315300,
b9949fa085a79238,https://ml.linkedin.com/jobs/view/country-sales-manager-at-goodwe-4422806408,Country Sales Manager,,scraped,2026-07-23T23:17:04.540284,
eb85415ee72f1aaf,https://ml.linkedin.com/jobs/view/financement-du-contenu-local-au-mali-fournisseurs-et-sous-traitants-at-t-mak-corporation-4441539474,Financement du contenu local au Mali (Fournisseurs et sous traitants),,scraped,2026-07-23T23:17:11.659245,
2c28e32b770fe022,https://ml.linkedin.com/jobs/view/conseiller-immobilier-h-f-at-strategimmo-4441795439,Conseiller immobilier (H/F),,scraped,2026-07-23T23:17:22.532787,
422ef53cb8587ff1,https://ml.linkedin.com/jobs/view/broodmachine-at-drogisterij-bilsen-4444263340,Broodmachine,Drogisterij Bilsen,failed|wp_post_failed,2026-07-23T23:17:37.378925,
6bd5d48534f4b816,https://ml.linkedin.com/jobs/view/my-express-pizza-maker-at-drogisterij-bilsen-4444256528,My Express Pizza Maker,Drogisterij Bilsen,failed|wp_post_failed,2026-07-23T23:17:45.841916,
9467e652b26a16c2,https://ml.linkedin.com/jobs/view/domy-parterowe-na-granicy-wroc%C5%82awia-4-pokoje-du%C5%BCe-ogr%C3%B3dy-at-n-home-nieruchomo%C5%9Bci-4444704164,DOMY PARTEROWE NA GRANICY WROCŁAWIA | 4 POKOJE | DUŻE OGRÓDY,,scraped,2026-07-23T23:17:56.406753,
eb04aaebe158718b,https://ml.linkedin.com/jobs/view/expert-comptable-grands-comptes-cdi-h-f-at-cerfrance-alliance-massif-central-4442998341,EXPERT-COMPTABLE GRANDS COMPTES - CDI - H/F,,scraped,2026-07-23T23:18:02.845418,
43d893339c924dfb,https://ml.linkedin.com/jobs/view/devenez-ambassadeur-de-la-relation-client-r%C3%A9seau-global-fran%C3%A7ais-anglais-%E2%80%94-100%25-t%C3%A9l%C3%A9travail-at-talentpop-app-4441504044,Devenez Ambassadeur de la Relation Client Réseau Global (Français/Anglais) — 100% Télétravail,TalentPop App,failed|wp_post_failed,2026-07-23T23:18:16.407937,
37511d8c94107304,https://ml.linkedin.com/jobs/view/language-teacher-remote-at-crossing-hurdles-4444290885,Language Teacher | Remote,Crossing Hurdles,failed|wp_post_failed,2026-07-23T23:18:23.977617,
888cd25b306f8556,https://ml.linkedin.com/jobs/view/computational-linguist-annotator-at-odixcity-consulting-4443739105,Computational Linguist Annotator,Odixcity Consulting,failed|wp_post_failed,2026-07-23T23:18:33.637581,
cf45d17be4a218ef,https://ml.linkedin.com/jobs/view/gotowy-funkcjonalny-dom-czeka-na-nowych-w%C5%82a%C5%9Bcicieli-at-n-home-nieruchomo%C5%9Bci-4444498240,GOTOWY FUNKCJONALNY DOM CZEKA NA NOWYCH WŁAŚCICIELI,,scraped,2026-07-23T23:18:36.149207,
79badb57a58bf4b2,https://ml.linkedin.com/jobs/view/nowoczesne-osiedle-komfortowy-uk%C5%82ad-wysoki-standard-budynk%C3%B3w-at-n-home-nieruchomo%C5%9Bci-4444488858,NOWOCZESNE OSIEDLE*KOMFORTOWY UKŁAD*WYSOKI STANDARD BUDYNKÓW,,scraped,2026-07-23T23:18:46.198695,
327e2e327ac2865f,https://ml.linkedin.com/jobs/view/directeur-trice-pays-mali-%E2%80%93-bas%C3%A9-e-%C3%A0-bamako-at-reliefweb-4444098966,Directeur.trice Pays Mali – basé.e à Bamako,ReliefWeb,failed|wp_post_failed,2026-07-24T08:01:31.844964,
fde6f4763e715ebd,https://ml.linkedin.com/jobs/view/un-e-coordinateur-trice-urgence-emergency-coordinator-at-forum-des-ong-internationales-au-mali-4444736474,Un-e Coordinateur-trice Urgence (Emergency Coordinator),,scraped,2026-07-24T08:01:38.218880,
cfebcd86772d9c78,https://ml.linkedin.com/jobs/view/grants-coordinator-mali-bamako-poste-national-at-forum-des-ong-internationales-au-mali-4444732726,Grants Coordinator Mali Bamako - Poste National,,scraped,2026-07-24T08:01:45.755488,
9693057a80883f4b,https://ml.linkedin.com/jobs/view/illustrator-at-odixcity-consulting-4444783925,Illustrator,Odixcity Consulting,failed|wp_post_failed,2026-07-24T08:01:59.406225,
317fa5bc6f1a2f5d,https://ml.linkedin.com/jobs/view/eucap-sahel-mali-1-2026-call-for-contribution-for-visiting-experts-%E2%80%93-european-union-capacity-building-mission-in-mali-eucap-sahel-mali-at-eubam-libya-4443454310,EUCAP Sahel Mali 1-2026 - Call for Contribution for Visiting Experts – European Union Capacity Building Mission in Mali (EUCAP Sahel Mali),,scraped,2026-07-24T08:02:04.565198,
7937a247e8858036,https://ml.linkedin.com/jobs/view/uno-at-victorio-motors-4441593307,Uno,Victorio Motors,posted,2026-07-24T15:19:09.363663,98
e5cc481a323c927d,https://ml.linkedin.com/jobs/view/administrative-and-financial-assistant-at-undp-careers-4444454229,Administrative and Financial Assistant,UNDP Careers,posted,2026-07-24T15:19:22.783568,356
0baf127d7397a06a,https://ml.linkedin.com/jobs/view/educateur-educatrice-f-h-cr%C3%A8che-kidscare-%C3%A0-luxembourg-at-babilou-4444451295,Educateur / Educatrice (F/H) - Crèche Kidscare à Luxembourg,,scraped,2026-07-24T15:20:01.276482,
d4d967460595ad4e,https://ml.linkedin.com/jobs/view/dioula-transcription-annotation-specialist-%2495-hr-remote-at-crossing-hurdles-4443827214,Dioula Transcription & Annotation Specialist | $95/hr Remote,Crossing Hurdles,posted,2026-07-24T15:20:18.196305,186
656674981cf8e4e2,https://ml.linkedin.com/jobs/view/work-from-home-customer-support-%E2%80%93-french-speaking-at-talentpop-app-4443492445,Work-from-Home Customer Support – French Speaking,TalentPop App,posted,2026-07-24T15:20:31.093944,60
89e3baeb86325326,https://ml.linkedin.com/jobs/view/domy-parterowe-na-sprzeda%C5%BC-z-du%C5%BCa-dzia%C5%82k%C4%85-at-n-home-nieruchomo%C5%9Bci-4444493525,DOMY PARTEROWE NA SPRZEDAŻ Z DUŻA DZIAŁKĄ,,scraped,2026-07-24T15:20:35.553105,
631b2da6c849dfbe,https://ml.linkedin.com/jobs/view/work-from-home-customer-support-%E2%80%93-french-speaking-at-talentpop-app-4443804347,Work-from-Home Customer Support – French Speaking,TalentPop App,posted,2026-07-24T15:20:48.445256,60
71d6e57793f78b52,https://ml.linkedin.com/jobs/view/sp%C3%A9cialiste-bilingue-fran%C3%A7ais-anglais-du-support-client-%E2%80%94-voix-et-chat-at-talentpop-app-4442977915,Spécialiste Bilingue (Français/Anglais) du Support Client — Voix et Chat,TalentPop App,posted,2026-07-24T15:21:10.856610,358
f00d2d15376e8855,https://ml.linkedin.com/jobs/view/spanish-bilingual-customer-service-specialist-at-talentpop-app-4442977922,Spanish Bilingual Customer Service Specialist,TalentPop App,posted,2026-07-24T15:21:26.042468,88
bc9c1557ffb82518,https://ml.linkedin.com/jobs/view/sp%C3%A9cialiste-bilingue-fran%C3%A7ais-anglais-du-support-client-%E2%80%94-voix-et-chat-at-talentpop-app-4442990380,Spécialiste Bilingue (Français/Anglais) du Support Client — Voix et Chat,TalentPop App,posted,2026-07-24T15:21:36.507915,360
07dfae29f8cecbb9,https://ml.linkedin.com/jobs/view/spanish-bilingual-customer-service-specialist-at-talentpop-app-4443805264,Spanish Bilingual Customer Service Specialist,TalentPop App,scraped,2026-07-24T15:21:40.601553,
57b4b84e89b00bbc,https://ml.linkedin.com/jobs/view/zamieszkaj-spokojniej-%E2%80%93-dom-pod-wroc%C5%82awiem-przy-parku-szczodre-at-n-home-nieruchomo%C5%9Bci-4444701176,ZAMIESZKAJ SPOKOJNIEJ – DOM POD WROCŁAWIEM PRZY PARKU SZCZODRE,,scraped,2026-07-24T20:47:35.565458,
ab698bf5f039aef5,https://ml.linkedin.com/jobs/view/expert-senior-%C3%A9conomiste-financier-at-ntu-international-a-s-4444452596,Expert Senior Économiste / Financier,,scraped,2026-07-24T20:48:08.389608,
b78b4a4d377699fd,https://ml.linkedin.com/jobs/view/dioula-linguistic-specialist-%2495-hr-remote-at-crossing-hurdles-4443834179,Dioula Linguistic Specialist | $95/hr Remote,Crossing Hurdles,posted,2026-07-24T20:48:26.885926,362
b6c348ac5584f1d6,https://ml.linkedin.com/jobs/view/devops-engineer-annotator-at-odixcity-consulting-4444900114,Devops Engineer Annotator,Odixcity Consulting,posted,2026-07-24T20:48:34.503361,364
bc73bb8aa70689f9,https://ml.linkedin.com/jobs/view/dioula-language-specialist-%2495-hr-remote-at-crossing-hurdles-4443820293,Dioula Language Specialist | $95/hr Remote,Crossing Hurdles,posted,2026-07-24T20:48:39.186579,146
4fd8272520005026,https://ml.linkedin.com/jobs/view/expert-senior-finance-verte-at-ntu-international-a-s-4444457841,Expert Senior Finance Verte,,scraped,2026-07-24T20:48:41.794427,
9e3ad63561063cb8,https://ml.linkedin.com/jobs/view/cms-developer-at-odixcity-consulting-4444795313,CMS Developer,Odixcity Consulting,posted,2026-07-24T20:48:54.533085,366
9d8e137ee856f684,https://ml.linkedin.com/jobs/view/soudeur-t%C3%B4lier-at-macrowaste-mali-4444430119,Soudeur/Tôlier,,scraped,2026-07-24T20:48:57.186377,
8e0b585b19986be8,https://ml.linkedin.com/jobs/view/manager-de-programme-s%C3%A9nior-spm-at-save-the-children-international-4444465894,Manager de programme Sénior (SPM),,scraped,2026-07-24T20:49:03.840127,
8cc4b97f8d52815f,https://ml.linkedin.com/jobs/view/hier-finden-sie-uns-at-arzt-f%C3%BCr-arzt-personamanagement-4444396780,Hier finden Sie uns:,Arzt für Arzt Personamanagement,posted,2026-07-25T06:39:41.011900,30
1f3bb2c813311dbf,https://ml.linkedin.com/jobs/view/repr%C3%A9sentant-e-du-service-%C3%A0-la-client%C3%A8le-bilingue-fran%C3%A7ais-anglais-%E2%80%94-t%C3%A9l%C3%A9travail-at-talentpop-app-4441505006,Représentant(e) du Service à la Clientèle Bilingue (Français/Anglais) — Télétravail,TalentPop App,posted,2026-07-25T06:40:00.502718,368
9fbc48c69a5433bc,https://ml.linkedin.com/jobs/view/dom-bli%C5%BAniak-pod-ole%C5%9Bnic%C4%85-3-sypialnie-bez-pcc-i-prowizji-at-n-home-nieruchomo%C5%9Bci-4444704134,"DOM BLIŹNIAK POD OLEŚNICĄ, 3 SYPIALNIE, BEZ PCC I PROWIZJI",,scraped,2026-07-25T06:40:04.908032,
1b7874c10f248986,https://ml.linkedin.com/jobs/view/consultant-technique-agent-de-vulgarisation-%E2%80%93-soil-values-at-feed-the-future-senegal-project-dund%C3%ABl-suuf-4445282198,Consultant technique (Agent de Vulgarisation) – Soil Values,,scraped,2026-07-25T06:40:37.448984,
59556f98c75e6c34,https://ml.linkedin.com/jobs/view/medical-coder-at-odixcity-consulting-4444905032,Medical coder,Odixcity Consulting,posted,2026-07-25T06:41:00.042189,370
3e0e6d9ee5a07e67,https://ml.linkedin.com/jobs/view/repr%C3%A9sentant-e-du-service-%C3%A0-la-client%C3%A8le-bilingue-fran%C3%A7ais-anglais-%E2%80%94-t%C3%A9l%C3%A9travail-at-talentpop-app-4441505008,Représentant(e) du Service à la Clientèle Bilingue (Français/Anglais) — Télétravail,TalentPop App,posted,2026-07-25T06:41:26.784388,372
d6886ed3c7bc514d,https://ml.linkedin.com/jobs/view/spanish-bilingual-customer-service-specialist-at-talentpop-app-4443495497,Spanish Bilingual Customer Service Specialist,TalentPop App,posted,2026-07-25T06:41:37.682255,88
a06ade8f5d7dcd22,https://ml.linkedin.com/jobs/view/remote-french-bilingual-customer-support-representative-at-talentpop-app-4441882694,Remote French Bilingual Customer Support Representative,TalentPop App,posted,2026-07-25T06:41:42.408745,80
1bd8940f804ffe37,https://ml.linkedin.com/jobs/view/remote-french-bilingual-customer-support-representative-at-talentpop-app-4441897245,Remote French Bilingual Customer Support Representative,TalentPop App,posted,2026-07-25T06:41:47.683280,80
fc8e726a3176cf33,https://ml.linkedin.com/jobs/view/remote-french-bilingual-customer-support-representative-at-talentpop-app-4441883652,Remote French Bilingual Customer Support Representative,TalentPop App,posted,2026-07-25T06:41:52.330919,80
b8eeb31fd081b597,https://ml.linkedin.com/jobs/view/rejoignez-l-%C3%A9lite-du-support-client-bilingue-fran%C3%A7ais-anglais-%E2%80%93-100-%25-t%C3%A9l%C3%A9travail-%21-at-talentpop-app-4441895205,Rejoignez l'élite du support client bilingue (Français/Anglais) – 100 % Télétravail !,TalentPop App,posted,2026-07-25T06:42:01.569288,374
21ff388ddb5f0b9e,https://ml.linkedin.com/jobs/view/french-english-customer-support-associate-at-talentpop-app-4441884575,French-English Customer Support Associate,TalentPop App,posted,2026-07-25T06:42:06.577560,74
38e9191d178140e6,https://ml.linkedin.com/jobs/view/french-english-customer-support-associate-at-talentpop-app-4441888415,French-English Customer Support Associate,TalentPop App,posted,2026-07-25T06:42:11.302746,74
fb6caf71a426c112,https://ml.linkedin.com/jobs/view/french-english-customer-support-associate-at-talentpop-app-4441897242,French-English Customer Support Associate,TalentPop App,posted,2026-07-25T06:42:16.162342,74
5ee176b52c88d34d,https://ml.linkedin.com/jobs/view/remote-french-bilingual-customer-support-representative-at-talentpop-app-4441891298,Remote French Bilingual Customer Support Representative,TalentPop App,posted,2026-07-25T06:42:20.871604,80
0152326f296d3c5f,https://ml.linkedin.com/jobs/view/manager-de-programme-s%C3%A9nior-spm-at-save-the-children-colombia-oficial-4445319575,Manager de programme Sénior (SPM),,scraped,2026-07-25T11:51:00.962539,
3959a0efac3e87c8,https://ml.linkedin.com/jobs/view/immobilienkauffrau-immobilienkaufmann-w-m-d-at-victor-immobilien-unternehmensgruppe-4443716295,IMMOBILIENKAUFFRAU / IMMOBILIENKAUFMANN (W / M / D),,scraped,2026-07-25T11:51:13.046326,
b815ad28504c20fa,https://ml.linkedin.com/jobs/view/charg%C3%A9-de-client%C3%A8le-bilingue-anglais-fran%C3%A7ais-100%25-t%C3%A9l%C3%A9travail-at-talentpop-app-4441886510,Chargé de Clientèle Bilingue (Anglais/Français) - 100% Télétravail,TalentPop App,posted,2026-07-25T11:51:29.723658,376
1ffae87e7f5076ca,https://ml.linkedin.com/jobs/view/consultant-technique-agent-technique-terrain-%E2%80%93-soil-values-at-feed-the-future-senegal-project-dund%C3%ABl-suuf-4445281221,Consultant technique (Agent Technique Terrain) – Soil Values,,scraped,2026-07-25T11:51:38.305633,
1aee9bb1a10eb64e,https://ml.linkedin.com/jobs/view/charg%C3%A9-de-client%C3%A8le-bilingue-anglais-fran%C3%A7ais-100%25-t%C3%A9l%C3%A9travail-at-talentpop-app-4441897182,Chargé de Clientèle Bilingue (Anglais/Français) - 100% Télétravail,TalentPop App,posted,2026-07-25T11:51:50.705518,378
c8cf5acfe8c8b8d6,https://ml.linkedin.com/jobs/view/charg%C3%A9-de-client%C3%A8le-bilingue-anglais-fran%C3%A7ais-100%25-t%C3%A9l%C3%A9travail-at-talentpop-app-4441892320,Chargé de Clientèle Bilingue (Anglais/Français) - 100% Télétravail,TalentPop App,posted,2026-07-25T11:51:59.680402,380
7f57a23aeaa850b0,https://ml.linkedin.com/jobs/view/french-customer-support-specialist-bilingual-fr-en-non-voice-blended-remote-at-talentpop-app-4443800353,French Customer Support Specialist (Bilingual FR/EN | Non-Voice/Blended | Remote),TalentPop App,posted,2026-07-25T11:52:10.316916,70
564374aca3ffabd6,https://ml.linkedin.com/jobs/view/repr%C3%A9sentant-e-du-service-%C3%A0-la-client%C3%A8le-bilingue-fran%C3%A7ais-anglais-%E2%80%94-t%C3%A9l%C3%A9travail-at-talentpop-app-4441090595,Représentant(e) du Service à la Clientèle Bilingue (Français/Anglais) — Télétravail,TalentPop App,posted,2026-07-25T11:52:17.712856,382
88e4af28b4fa9f09,https://ml.linkedin.com/jobs/view/bilingual-customer-support-specialist-french-english-100%25-remote-at-talentpop-app-4441886475,Bilingual Customer Support Specialist (French/English) - 100% Remote,TalentPop App,posted,2026-07-25T11:52:32.393742,56
35ae9d9eacbe46ea,https://ml.linkedin.com/jobs/view/agent-de-support-client%C3%A8le-international-h-f-at-talentpop-app-4441888347,Agent de Support Clientèle International (H/F),TalentPop App,posted,2026-07-25T11:52:39.889574,384
abeae8b92d31a98e,https://ml.linkedin.com/jobs/view/agent-de-support-client%C3%A8le-international-h-f-at-talentpop-app-4441890358,Agent de Support Clientèle International (H/F),TalentPop App,posted,2026-07-25T11:52:48.179479,386
53176fc5ea34d042,https://ml.linkedin.com/jobs/view/bilingual-customer-support-specialist-french-english-100%25-remote-at-talentpop-app-4441898156,Bilingual Customer Support Specialist (French/English) - 100% Remote,TalentPop App,posted,2026-07-25T11:52:52.779858,56
c785f4804676fbb8,https://ml.linkedin.com/jobs/view/rejoignez-l-%C3%A9lite-du-support-client-bilingue-fran%C3%A7ais-anglais-%E2%80%93-100-%25-t%C3%A9l%C3%A9travail-%21-at-talentpop-app-4441878884,Rejoignez l'élite du support client bilingue (Français/Anglais) – 100 % Télétravail !,TalentPop App,posted,2026-07-25T11:53:06.415295,388
3331adabb9579020,https://ml.linkedin.com/jobs/view/rejoignez-l-%C3%A9lite-du-support-client-bilingue-fran%C3%A7ais-anglais-%E2%80%93-100-%25-t%C3%A9l%C3%A9travail-%21-at-talentpop-app-4441883616,Rejoignez l'élite du support client bilingue (Français/Anglais) – 100 % Télétravail !,TalentPop App,posted,2026-07-25T11:53:14.632209,390
9baf9d988c4d2280,https://ml.linkedin.com/jobs/view/french-english-customer-support-associate-at-talentpop-app-4441880944,French-English Customer Support Associate,TalentPop App,posted,2026-07-25T11:53:19.084498,74
f7d43fdf87b1a7fc,https://ml.linkedin.com/jobs/view/llm-evaluator-model-response-analyst-at-odixcity-consulting-4445294408,LLM Evaluator (Model Response Analyst),Odixcity Consulting,posted,2026-07-25T11:53:28.501570,392
a3a3fe364d4c625c,https://ml.linkedin.com/jobs/view/nlp-data-annotator-at-odixcity-consulting-4445281931,NLP Data annotator,Odixcity Consulting,posted,2026-07-25T11:53:36.110604,394
8c62c8db35d5bc42,https://ml.linkedin.com/jobs/view/gotowe-domy-parterowe-z-du%C5%BCymi-ogrodami-pompa-ciep%C5%82a-domaszczyn-at-n-home-nieruchomo%C5%9Bci-4444707089,GOTOWE DOMY PARTEROWE Z DUŻYMI OGRODAMI | POMPA CIEPŁA | DOMASZCZYN,,scraped,2026-07-25T11:53:38.633259,
57e2971647934f76,https://ml.linkedin.com/jobs/view/januszkowice-nowy-energooszcz%C4%99dny-dom-197-mkw-dzia%C5%82ka-962-mkw-at-n-home-nieruchomo%C5%9Bci-4444490763,JANUSZKOWICE | NOWY ENERGOOSZCZĘDNY DOM 197 MKW | DZIAŁKA 962 MKW,,scraped,2026-07-25T11:53:49.080067,
b87dc2061101d476,https://ml.linkedin.com/jobs/view/fiesta-sedan-at-victorio-motors-4441896474,Fiesta Sedan,Victorio Motors,posted,2026-07-25T15:47:21.263626,396
b6fe0fe44d9eb799,https://ml.linkedin.com/jobs/view/creative-writer-at-odixcity-consulting-4443741044,Creative writer,Odixcity Consulting,posted,2026-07-25T15:47:34.322695,398
7de128af19f38e1e,https://ml.linkedin.com/jobs/view/psychiatre-mali-bamako-12-mois-at-reliefweb-4445215627,PSYCHIATRE /MALI / BAMAKO - 12 mois,ReliefWeb,posted,2026-07-25T15:47:45.645929,400
e675c10a9c10d533,https://ml.linkedin.com/jobs/view/duster-at-victorio-motors-4442300306,Duster,Victorio Motors,posted,2026-07-25T15:47:55.570664,402
505c897f1890ad0f,https://ml.linkedin.com/jobs/view/french%2Benglish-bilingual-customer-service-representative-at-talentpop-app-4442996248,French+English Bilingual Customer Service Representative,TalentPop App,posted,2026-07-25T15:48:37.478134,404
b446303792bf9995,https://ml.linkedin.com/jobs/view/french%2Benglish-bilingual-customer-service-representative-at-talentpop-app-4442978915,French+English Bilingual Customer Service Representative,TalentPop App,posted,2026-07-25T15:48:44.777611,406
d63ad9685fceaa70,https://ml.linkedin.com/jobs/view/virtual-customer-support-agent-french-english-%E2%80%93-100%25-remote-at-talentpop-app-4442300741,Virtual Customer Support Agent (French/English) – 100% Remote,TalentPop App,posted,2026-07-25T15:49:03.412638,90
cf941d2338f10733,https://ml.linkedin.com/jobs/view/virtual-customer-support-agent-french-english-%E2%80%93-100%25-remote-at-talentpop-app-4441895976,Virtual Customer Support Agent (French/English) – 100% Remote,TalentPop App,posted,2026-07-25T15:49:08.039563,90
4dc7bf86a035189e,https://ml.linkedin.com/jobs/view/nowoczesny-dom-138-m%C2%B2-z-ogrodem-i-gara%C5%BCem-siechnice-bez-pcc-at-n-home-nieruchomo%C5%9Bci-4444497302,NOWOCZESNY DOM 138 M² Z OGRODEM I GARAŻEM | SIECHNICE | BEZ PCC,,scraped,2026-07-25T15:49:20.489933,
ff5f9eb78a653307,https://ml.linkedin.com/jobs/view/rejoignez-l-%C3%A9lite-du-support-client-bilingue-fran%C3%A7ais-anglais-%E2%80%93-100-%25-t%C3%A9l%C3%A9travail-%21-at-talentpop-app-4441886487,Rejoignez l'élite du support client bilingue (Français/Anglais) – 100 % Télétravail !,TalentPop App,posted,2026-07-25T15:49:33.138790,408
dd0a57b6839e9a97,https://ml.linkedin.com/jobs/view/virtual-customer-support-agent-french-english-%E2%80%93-100%25-remote-at-talentpop-app-4442304617,Virtual Customer Support Agent (French/English) – 100% Remote,TalentPop App,posted,2026-07-25T15:49:39.781940,90
e5f881c4349ea645,https://ml.linkedin.com/jobs/view/virtual-customer-support-agent-french-english-%E2%80%93-100%25-remote-at-talentpop-app-4442316025,Virtual Customer Support Agent (French/English) – 100% Remote,TalentPop App,scraped,2026-07-25T15:49:43.700238,
3a9a5acb45c30515,https://ml.linkedin.com/jobs/view/agent-de-support-client%C3%A8le-international-h-f-at-talentpop-app-4441898153,Agent de Support Clientèle International (H/F),TalentPop App,posted,2026-07-25T15:49:51.973231,410
dc44b2ca1dc35e3d,https://ml.linkedin.com/jobs/view/dom-w-szczodre-%E2%80%93-cisza-ziele%C5%84-i-szybki-dojazd-do-wroc%C5%82awia-at-n-home-nieruchomo%C5%9Bci-4444489795,"DOM W SZCZODRE – CISZA, ZIELEŃ I SZYBKI DOJAZD DO WROCŁAWIA",,scraped,2026-07-25T15:49:58.407980,
cd41af15b763c98f,https://ml.linkedin.com/jobs/view/expert-senior-r%C3%A9seaux-de-distribution-%C3%A9lectrique-at-ntu-international-a-s-4444429057,Expert Senior Réseaux de Distribution Électrique,,scraped,2026-07-25T20:14:59.262126,
25c714ba416fab4a,https://ml.linkedin.com/jobs/view/expert-senior-finances-publiques-budg%C3%A9tisation-verte-at-ntu-international-a-s-4444463893,Expert Senior Finances Publiques / Budgétisation Verte,,scraped,2026-07-25T20:15:06.064861,
bcdb24e35e7adbd2,https://ml.linkedin.com/jobs/view/expert-senior-smart-grid-mod%C3%A9lisation-des-r%C3%A9seaux-at-ntu-international-a-s-4444448441,Expert Senior Smart Grid / Modélisation des Réseaux,,scraped,2026-07-25T20:15:15.170951,
15f22ce5212857b2,https://ml.linkedin.com/jobs/view/hier-finden-sie-uns-at-arzt-f%C3%BCr-arzt-personamanagement-4444689021,Hier finden Sie uns:,Arzt für Arzt Personamanagement,posted,2026-07-25T20:15:48.917685,30
1d027c987f809c6e,https://ml.linkedin.com/jobs/view/ausbildung-immobilienkauffrau-immobilienkaufmann-w-m-d-at-victor-immobilien-unternehmensgruppe-4443720189,AUSBILDUNG IMMOBILIENKAUFFRAU / IMMOBILIENKAUFMANN (W / M / D),,scraped,2026-07-25T20:15:51.347856,
d38b6617702c8173,https://ml.linkedin.com/jobs/view/montana-at-victorio-motors-4442320474,Montana,Victorio Motors,posted,2026-07-26T07:46:31.269972,334
1a805b6d763d902c,https://ml.linkedin.com/jobs/view/directeur-de-l%E2%80%99enseignement-fondamental-at-gouvernaurat-de-district-de-bamako-4445361569,Directeur de l’enseignement fondamental,gouvernaurat de district de bamako,posted,2026-07-26T07:46:59.429554,412
350a3dcd204686c2,https://ml.linkedin.com/jobs/view/crv-at-victorio-motors-4442324280,CRV,Victorio Motors,posted,2026-07-26T07:47:18.178626,414
afb9f78e8e6691c3,https://ml.linkedin.com/jobs/view/consultant-technique-agent-de-vulgarisation-%E2%80%93-soil-values-at-international-fertilizer-development-center-ifdc-4441898646,Consultant technique (Agent de Vulgarisation) – Soil Values,International Fertilizer Development Center (IFDC),posted,2026-07-26T07:47:27.213545,416
63e717224a7cdfcf,https://ml.linkedin.com/jobs/view/data-set-curator-at-odixcity-consulting-4443723920,Data Set Curator,Odixcity Consulting,posted,2026-07-26T07:47:38.604417,418
b597830ce9eb1db8,https://ml.linkedin.com/jobs/view/parter%C3%B3wka-79-98m2-pompa-ciep%C5%82a-domaszczyn-4-pokoje-at-n-home-nieruchomo%C5%9Bci-4444709050,"PARTERÓWKA|79,98M2|POMPA CIEPŁA|DOMASZCZYN|4 POKOJE.",,scraped,2026-07-26T07:47:43.051491,
b86eb2bafa1deb01,https://ml.linkedin.com/jobs/view/data-analyst-metier-h-f-at-red-tic-4443906873,DATA ANALYST METIER (H/F),,scraped,2026-07-26T07:47:55.435932,
b79ff1eac4e38b1b,https://ml.linkedin.com/jobs/view/consultant-technique-agent-technique-terrain-%E2%80%93-soil-values-at-international-fertilizer-development-center-ifdc-4441897668,Consultant technique (Agent Technique Terrain) – Soil Values,International Fertilizer Development Center (IFDC),posted,2026-07-26T07:48:18.723522,420
b8910b6348a78058,https://ml.linkedin.com/jobs/view/data-scientist-mlops-engineer-at-red-tic-4443915469,DATA SCIENTIST / MLOPS ENGINEER,,scraped,2026-07-26T07:48:21.300003,
8e5f68e6f8ee564e,https://ml.linkedin.com/jobs/view/bilingual-customer-support-specialist-french-english-100%25-remote-at-talentpop-app-4442337630,Bilingual Customer Support Specialist (French/English) - 100% Remote,TalentPop App,posted,2026-07-26T07:48:45.133889,56
0cef236c0f45e6ba,https://ml.linkedin.com/jobs/view/agent-de-support-client%C3%A8le-international-h-f-at-talentpop-app-4442344515,Agent de Support Clientèle International (H/F),TalentPop App,posted,2026-07-26T07:49:02.210194,422
3808ef9313eda4a4,https://ml.linkedin.com/jobs/view/cms-developer-at-odixcity-consulting-4445283789,CMS Developer,Odixcity Consulting,posted,2026-07-26T07:49:16.815416,366
adb451bef713770b,https://ml.linkedin.com/jobs/view/%C3%A9lectrom%C3%A9canicien-d-engins-de-chantier-grues-h-f-at-parlym-4443486671,Électromécanicien d'Engins de chantier & grues H/F,,scraped,2026-07-26T07:49:19.421570,
6e494e847d8daef4,https://ml.linkedin.com/jobs/view/security-engineer-annotator-at-odixcity-consulting-4445387085,Security Engineer Annotator,Odixcity Consulting,posted,2026-07-26T07:49:31.124597,424
40e3bb9991164695,https://ml.linkedin.com/jobs/view/tw%C3%B3j-dom-z-widokiem-na-%C5%9Bl%C4%99%C5%BC%C4%99-144m2-5-pokoi-at-n-home-nieruchomo%C5%9Bci-4444487948,TWÓJ DOM Z WIDOKIEM NA ŚLĘŻĘ/144M2/5 POKOI,,scraped,2026-07-26T07:49:35.573297,
075f3620a6ff20e7,https://ml.linkedin.com/jobs/view/web-data-analyst-annotator-at-odixcity-consulting-4445285712,Web data analyst annotator,Odixcity Consulting,posted,2026-07-26T11:50:19.571259,426
6b6db4a2e0a9765b,https://ml.linkedin.com/jobs/view/agent-de-support-client%C3%A8le-international-h-f-at-talentpop-app-4442350524,Agent de Support Clientèle International (H/F),TalentPop App,posted,2026-07-26T11:50:37.041635,428
d9a30693017eadb3,https://ml.linkedin.com/jobs/view/bilingual-customer-support-specialist-french-english-100%25-remote-at-talentpop-app-4441884513,Bilingual Customer Support Specialist (French/English) - 100% Remote,TalentPop App,posted,2026-07-26T11:50:43.860973,56
7a575a408d59c68a,https://ml.linkedin.com/jobs/view/virtual-customer-support-agent-french-english-%E2%80%93-100%25-remote-at-talentpop-app-4442311179,Virtual Customer Support Agent (French/English) – 100% Remote,TalentPop App,posted,2026-07-26T11:50:52.889253,90
8be306810aacc23d,https://ml.linkedin.com/jobs/view/bilingual-customer-support-specialist-french-english-100%25-remote-at-talentpop-app-4442338522,Bilingual Customer Support Specialist (French/English) - 100% Remote,TalentPop App,posted,2026-07-26T11:50:59.673742,56
87cad47b761d1f62,https://ml.linkedin.com/jobs/view/francophone-customer-support-representative-%E2%80%93-remote-at-talentpop-app-4441899077,Francophone Customer Support Representative – Remote,TalentPop App,posted,2026-07-26T11:51:04.615058,180
692a6b15db4b4fdd,https://ml.linkedin.com/jobs/view/expert-senior-r%C3%A9duction-des-pertes-techniques-et-commerciales-at-ntu-international-a-s-4444430453,Expert Senior Réduction des Pertes Techniques et Commerciales,,scraped,2026-07-26T11:51:41.175375,
7f9e79139a6ebdc5,https://ml.linkedin.com/jobs/view/ui-ux-designer-at-odixcity-consulting-4443739109,UI/UX Designer,Odixcity Consulting,posted,2026-07-26T20:16:58.992103,430
9b82e4402ca50580,https://ml.linkedin.com/jobs/view/french-english-customer-support-associate-at-talentpop-app-4442336518,French-English Customer Support Associate,TalentPop App,posted,2026-07-26T20:17:44.237025,74
6528aaef277109c8,https://ml.linkedin.com/jobs/view/french-english-customer-support-associate-at-talentpop-app-4442346595,French-English Customer Support Associate,TalentPop App,posted,2026-07-26T20:17:52.850571,74
c2c19b8f3f1cff7a,https://ml.linkedin.com/jobs/view/sio-automotive-e-kat%C4%B1l%C4%B1n-at-sio-automotive-4444890125,SIO Automotive'e Katılın,,scraped,2026-07-27T10:56:23.970225,
37c742c02b8fbf58,https://ml.linkedin.com/jobs/view/grants-manager-expatri%C3%A9-e-bamako-mali-at-fundaci%C3%B3n-ayuda-en-acci%C3%B3n-4444884599,"Grants Manager (Expatrié/e) - Bamako, Mali",,scraped,2026-07-27T10:56:39.476619,
50ea757dca561105,https://ml.linkedin.com/jobs/view/brand-designer-at-odixcity-consulting-4445389081,Brand designer,Odixcity Consulting,posted,2026-07-27T10:56:54.040975,432
19737010899007d9,https://ml.linkedin.com/jobs/view/legal-assistant-at-odixcity-consulting-4445379100,Legal Assistant,Odixcity Consulting,posted,2026-07-27T10:57:02.243710,434
2c3db4bf276fa6eb,https://ml.linkedin.com/jobs/view/story-teller-at-odixcity-consulting-4445669555,Story teller,Odixcity Consulting,posted,2026-07-27T10:57:12.054570,436
8e5f12768fb8e87b,https://ml.linkedin.com/jobs/view/flexible-prospektverteiler-m-w-d-mit-pkw-auf-minijob-basis-at-armin-diehl-gmbh-direktwerbung-4442828139,Flexible Prospektverteiler (m/w/d) mit PKW auf Minijob-Basis,,scraped,2026-07-27T10:57:18.475126,
beffc73e0f700cf3,https://ml.linkedin.com/jobs/view/excel-specialist-at-odixcity-consulting-4445659582,Excel Specialist,Odixcity Consulting,posted,2026-07-27T10:57:46.695903,438
8e30e950c6323868,https://ml.linkedin.com/jobs/view/data-operations-analyst-at-odixcity-consulting-4445672508,Data Operations Analyst,Odixcity Consulting,posted,2026-07-27T10:58:06.314573,440
1fbf197a57318db0,https://ml.linkedin.com/jobs/view/charg%C3%A9-de-client%C3%A8le-bilingue-anglais-fran%C3%A7ais-100%25-t%C3%A9l%C3%A9travail-at-talentpop-app-4442819098,Chargé de Clientèle Bilingue (Anglais/Français) - 100% Télétravail,TalentPop App,posted,2026-07-27T10:58:15.827724,442
9aebb81a8b9ddea0,https://ml.linkedin.com/jobs/view/charg%C3%A9-de-client%C3%A8le-bilingue-anglais-fran%C3%A7ais-100%25-t%C3%A9l%C3%A9travail-at-talentpop-app-4442821152,Chargé de Clientèle Bilingue (Anglais/Français) - 100% Télétravail,TalentPop App,posted,2026-07-27T10:58:29.047757,444
14477e25aef2cd55,https://ml.linkedin.com/jobs/view/rlhf-specialist-at-odixcity-consulting-4445671476,RLHF Specialist,Odixcity Consulting,posted,2026-07-27T10:58:37.045824,446
93e05c91ea10f418,https://ml.linkedin.com/jobs/view/eucap-sahel-mali-2-2026-call-for-contribution-%E2%80%93-european-union-capacity-building-mission-in-mali-eucap-sahel-mali-at-eubam-libya-4442919986,EUCAP Sahel Mali 2-2026 - Call for Contribution – European Union Capacity Building Mission in Mali (EUCAP Sahel Mali),,scraped,2026-07-27T10:59:03.615328,
9c3d98b447a0c992,https://ml.linkedin.com/jobs/view/unsere-stellenangebote-at-hessisches-ministerium-f%C3%BCr-wissenschaft-und-forschung-kunst-und-kultur-4445977174,Unsere Stellenangebote,,scraped,2026-07-27T18:00:10.460043,
a0d361622765b03b,https://ml.linkedin.com/jobs/view/ing%C3%A9nieur-syst%C3%A8me-r%C3%A9seau-at-red-tic-4445957495,INGÉNIEUR SYSTÈME RÉSEAU,,scraped,2026-07-27T18:00:33.686772,
c4769a57fb7c8646,https://ml.linkedin.com/jobs/view/francophone-customer-support-representative-%E2%80%93-remote-at-talentpop-app-4441888380,Francophone Customer Support Representative – Remote,TalentPop App,posted,2026-07-27T18:01:16.472709,180
260b8ce9fc7425f8,https://ml.linkedin.com/jobs/view/francophone-customer-support-representative-%E2%80%93-remote-at-talentpop-app-4441885559,Francophone Customer Support Representative – Remote,TalentPop App,posted,2026-07-27T18:01:21.517832,180
a37e92256cea9a24,https://ml.linkedin.com/jobs/view/francophone-customer-support-representative-%E2%80%93-remote-at-talentpop-app-4441888414,Francophone Customer Support Representative – Remote,TalentPop App,posted,2026-07-27T18:01:26.525453,180
65ddf8c68c167c47,https://ml.linkedin.com/jobs/view/agent-de-support-client%C3%A8le-international-h-f-at-talentpop-app-4442333728,Agent de Support Clientèle International (H/F),TalentPop App,posted,2026-07-27T18:01:37.554095,448
2d7ec0025e16f06b,https://ml.linkedin.com/jobs/view/bilingual-customer-support-specialist-french-english-100%25-remote-at-talentpop-app-4442332545,Bilingual Customer Support Specialist (French/English) - 100% Remote,TalentPop App,posted,2026-07-27T18:01:44.180430,56
004ef261f2bf4029,https://ml.linkedin.com/jobs/view/francophone-customer-support-representative-%E2%80%93-remote-at-talentpop-app-4442347590,Francophone Customer Support Representative – Remote,TalentPop App,scraped,2026-07-27T18:01:50.361795,
60a7ef349c5776e2,https://ml.linkedin.com/jobs/view/french-bilingual-customer-service-specialist-at-talentpop-app-4442369837,French Bilingual Customer Service Specialist,TalentPop App,posted,2026-07-27T18:02:11.148509,96
b153a6cc42ce025e,https://ml.linkedin.com/jobs/view/remote-french-bilingual-customer-support-representative-at-talentpop-app-4442815162,Remote French Bilingual Customer Support Representative,TalentPop App,posted,2026-07-27T18:02:16.095079,80
768c049c0196376d,https://ml.linkedin.com/jobs/view/sp%C3%A9cialiste-bilingue-fran%C3%A7ais-anglais-du-support-client-%E2%80%94-voix-et-chat-at-talentpop-app-4442368836,Spécialiste Bilingue (Français/Anglais) du Support Client — Voix et Chat,TalentPop App,posted,2026-07-27T18:02:27.476530,450
c03b3aa4d381db50,https://ml.linkedin.com/jobs/view/remote-french-bilingual-customer-support-representative-at-talentpop-app-4442819087,Remote French Bilingual Customer Support Representative,TalentPop App,posted,2026-07-27T18:02:32.215990,80
d810ccb1485db80b,https://ml.linkedin.com/jobs/view/operations-specialist-no-3-temporary-position-somalia-10-months-baidoa-somalia-%2300136410-at-unicef-4442609883,"Operations Specialist, NO-3, Temporary Position, Somalia, 10 months, Baidoa, Somalia, #00136410",UNICEF,posted,2026-07-27T21:49:54.646307,452
7c067632c8d02265,https://ml.linkedin.com/jobs/view/senior-it-administrator-at-red-tic-4443382339,SENIOR IT ADMINISTRATOR,,scraped,2026-07-27T21:50:09.248195,
8b4bf521ca75fe35,https://ml.linkedin.com/jobs/view/french-speaking-customer-support-specialist-at-talentpop-app-4442360896,French-Speaking Customer Support Specialist,TalentPop App,posted,2026-07-27T21:50:43.149778,82
49e63a4de4f071d3,https://ml.linkedin.com/jobs/view/remote-french-bilingual-customer-support-representative-at-talentpop-app-4442818167,Remote French Bilingual Customer Support Representative,TalentPop App,posted,2026-07-27T21:50:53.925230,80
b10266bf37d6e097,https://ml.linkedin.com/jobs/view/remote-french-bilingual-customer-support-representative-at-talentpop-app-4442820089,Remote French Bilingual Customer Support Representative,TalentPop App,posted,2026-07-27T21:50:58.777658,80
2bf681e7b6a3ba4c,https://ml.linkedin.com/jobs/view/sp%C3%A9cialiste-bilingue-fran%C3%A7ais-anglais-du-support-client-%E2%80%94-voix-et-chat-at-talentpop-app-4442361864,Spécialiste Bilingue (Français/Anglais) du Support Client — Voix et Chat,TalentPop App,posted,2026-07-27T21:51:07.189859,454
09c518a302882034,https://ml.linkedin.com/jobs/view/sp%C3%A9cialiste-bilingue-fran%C3%A7ais-anglais-du-support-client-%E2%80%94-voix-et-chat-at-talentpop-app-4442357988,Spécialiste Bilingue (Français/Anglais) du Support Client — Voix et Chat,TalentPop App,posted,2026-07-27T21:51:16.760134,456
8c238109d6fa2121,https://ml.linkedin.com/jobs/view/hier-finden-sie-uns-at-arzt-f%C3%BCr-arzt-personamanagement-4445177878,Hier finden Sie uns:,Arzt für Arzt Personamanagement,posted,2026-07-27T21:51:47.428937,30
526b98d37cdf4003,https://ml.linkedin.com/jobs/view/video-game-composer-at-odixcity-consulting-4445293426,Video game composer,Odixcity Consulting,posted,2026-07-28T07:48:54.649755,458
fa5ff5d4b998d952,https://ml.linkedin.com/jobs/view/egocentric-video-data-collection-at-odixcity-consulting-4445661530,Egocentric video data collection,Odixcity Consulting,posted,2026-07-28T07:49:03.026732,460
0136e727fc83e1a7,https://ml.linkedin.com/jobs/view/charg%C3%A9-de-client%C3%A8le-bilingue-anglais-fran%C3%A7ais-100%25-t%C3%A9l%C3%A9travail-at-talentpop-app-4442813162,Chargé de Clientèle Bilingue (Anglais/Français) - 100% Télétravail,TalentPop App,posted,2026-07-28T07:49:20.954900,462
61940446575a3605,https://ml.linkedin.com/jobs/view/virtual-customer-support-agent-french-english-%E2%80%93-100%25-remote-at-talentpop-app-4442312155,Virtual Customer Support Agent (French/English) – 100% Remote,TalentPop App,posted,2026-07-28T07:49:25.486160,90
4978d026a8dbc4ac,https://ml.linkedin.com/jobs/view/backend-engineer-annotator-at-odixcity-consulting-4445667537,Backend Engineer Annotator,Odixcity Consulting,posted,2026-07-28T07:49:57.240001,464
301f886aa7a54c1c,https://ml.linkedin.com/jobs/view/google-ads-expert-ppc-manager-at-odixcity-consulting-4445661535,Google Ads Expert / PPC manager,Odixcity Consulting,posted,2026-07-28T07:50:05.937404,466
c04fc6b4033ea842,https://ml.linkedin.com/jobs/view/sales-development-representative-at-odixcity-consulting-4446189562,Sales Development Representative,Odixcity Consulting,posted,2026-07-28T15:54:58.378955,468
604c2ab79821e052,https://ml.linkedin.com/jobs/view/superviseur-pss-at-marie-stopes-mali-4443637148,Superviseur PSS,,scraped,2026-07-28T20:37:15.768639,
e923d268098bf14a,https://ml.linkedin.com/jobs/view/superviseur-vbg-at-marie-stopes-mali-4443623572,Superviseur VBG,,scraped,2026-07-28T20:37:26.025477,
7981c54c461550ca,https://ml.linkedin.com/jobs/view/agent-de-marketing-social-at-marie-stopes-mali-4443625436,Agent de Marketing Social,,scraped,2026-07-28T20:37:32.413840,
67350cdbaf458b68,https://ml.linkedin.com/jobs/view/avis-de-concours-d-entree-a-l-ecole-nationale-d-administration-at-chambre-de-commerce-et-d%E2%80%99industrie-du-mali-ccim-4446037249,AVIS DE CONCOURS D'ENTREE A L'ECOLE NATIONALE D'ADMINISTRATION,Chambre de Commerce et d’Industrie du Mali (CCIM),posted,2026-07-29T08:02:36.824895,470
0c56a8ac9e780f0a,https://ml.linkedin.com/jobs/view/avis-de-recrutement-at-chambre-de-commerce-et-d%E2%80%99industrie-du-mali-ccim-4446042156,AVIS DE RECRUTEMENT,Chambre de Commerce et d’Industrie du Mali (CCIM),posted,2026-07-29T08:02:47.679777,472
f6afdf8d6a3b5e8c,https://ml.linkedin.com/jobs/view/sr-officer-global-m-e-intl-at-international-medical-corps-4446198796,"Sr Officer, Global M/E INTL",International Medical Corps,posted,2026-07-29T08:03:19.328915,474
87b658edd73e3972,https://ml.linkedin.com/jobs/view/content-moderator-trust-and-safety-specialist-at-odixcity-consulting-4446536722,Content Moderator (Trust and Safety Specialist),Odixcity Consulting,posted,2026-07-29T08:03:29.876246,476
e1b59c2cbbf3eed0,https://ml.linkedin.com/jobs/view/manager-de-programme-senior-padem-at-save-the-children-international-4443268520,Manager de Programme Senior_PADEM,,scraped,2026-07-29T08:03:38.656703,
6de1e905d58f4bb7,https://ml.linkedin.com/jobs/view/web-content-analyst-annotator-at-odixcity-consulting-4445651924,Web content analyst annotator,Odixcity Consulting,posted,2026-07-29T08:03:53.294514,478
7b4e6cee999b6fe6,https://ml.linkedin.com/jobs/view/country-representative-fta-p5-bamako-mali-at-un-women-4446591699,"Country Representative, FTA, P5, Bamako Mali",UN Women,posted,2026-07-29T15:59:36.731705,480
d8f414fe91a502d2,https://ml.linkedin.com/jobs/view/agent-d%E2%80%99entretien-at-marie-stopes-mali-4443640116,Agent d’entretien,,scraped,2026-07-29T15:59:45.332017,
7faee2344a082135,https://ml.linkedin.com/jobs/view/kiro-at-biflorica-4446579752,Kiro,BiFlorica,posted,2026-07-29T16:00:03.930951,482
7058346007f6518e,https://ml.linkedin.com/jobs/view/eine-kitaleitung-at-ev-kitaverband-berlin-mitte-nord-4446591644,eine Kitaleitung,Ev. Kitaverband Berlin Mitte-Nord,posted,2026-07-29T16:00:19.043996,484
39fa1ad256b12ed9,https://ml.linkedin.com/jobs/view/ein-e-erzieher-in-at-ev-kitaverband-berlin-mitte-nord-4446593549,ein*e Erzieher*in,Ev. Kitaverband Berlin Mitte-Nord,posted,2026-07-29T16:00:27.972766,486
89be5805ae4b9b0d,https://ml.linkedin.com/jobs/view/immunization-specialist-p-4-ta-%23138255-364-days-mogadishu-somalia-esar-at-unicef-4446063134,"Immunization Specialist, (P-4), TA, #138255, (364 days), Mogadishu, Somalia, ESAR",UNICEF,posted,2026-07-29T16:00:55.095030,488
7050f347210995c0,https://ml.linkedin.com/jobs/view/ein-e-erzieher-in-at-ev-kitaverband-berlin-mitte-nord-4446598360,ein*e Erzieher*in,Ev. Kitaverband Berlin Mitte-Nord,posted,2026-07-29T20:16:45.958926,490
8e9e235ac3e050d3,https://ml.linkedin.com/jobs/view/recrutement-d-un-coach-roving-bas%C3%A9-%C3%A0-mopti-at-forum-des-ong-internationales-au-mali-4446843629,Recrutement d'un Coach Roving basé à Mopti,,scraped,2026-07-29T20:17:12.562490,
564f85fed46e3aea,https://ml.linkedin.com/jobs/view/multimedia-content-and-video-editor-at-odixcity-consulting-4446181584,Multimedia Content and Video Editor,Odixcity Consulting,posted,2026-07-29T20:17:26.493647,492
7b42de40c36c4cbf,https://ml.linkedin.com/jobs/view/wir-suchen-sie%21-at-dental-innovation-gmbh-4446854806,Wir suchen Sie!,Dental Innovation GmbH,posted,2026-07-30T07:42:05.905079,494
ec46618b3d62a9e3,https://ml.linkedin.com/jobs/view/international-programme-management-consultant-for-joint-programme-on-human-rights-phase-iii-jphr-3-mogadishu-somalia-home-based-12-months-at-unicef-4445720042,"International Programme Management Consultant for joint Programme on Human Rights Phase III (JPHR 3) Mogadishu, Somalia (Home based) 12 months",UNICEF,posted,2026-07-30T07:42:37.871264,496
3963dd644fde41a3,https://ml.linkedin.com/jobs/view/erzieher-m-w-d-kita-westf%C3%A4lische-str-teilzeit-vollzeit-unbefristet-at-nachbarschaftsheim-sch%C3%B6neberg-e-v-4444584254,"Erzieher (m/w/d) Kita Westfälische Str. Teilzeit/Vollzeit, unbefristet",,scraped,2026-07-30T13:19:14.851658,
c0064e5ffd5e499c,https://ml.linkedin.com/jobs/view/staatlich-anerkannter-erzieher-m-w-d-%E2%80%93-kita-holsteinische-str-teilzeit-unbefristet-at-nachbarschaftsheim-sch%C3%B6neberg-e-v-4444581426,"Staatlich anerkannter Erzieher (m/w/d) – Kita Holsteinische Str., Teilzeit, unbefristet",,scraped,2026-07-30T13:19:21.146221,
6382ccc665a9f873,https://ml.linkedin.com/jobs/view/erzieher-heilerziehungspfleger-m-w-d-at-lebenshilfe-hemmoor-4444573533,Erzieher / Heilerziehungspfleger (m/w/d),,scraped,2026-07-30T13:19:29.382154,
70445eec23e5156e,https://ml.linkedin.com/jobs/view/wir-suchen-sie%21-at-canastra-ag-4445009084,Wir suchen Sie!,,scraped,2026-07-30T13:19:40.784967,
6b1455d674215aa0,https://ml.linkedin.com/jobs/view/ein-e-erzieher-in-at-ev-kitaverband-berlin-mitte-nord-4446809001,ein*e Erzieher*in,Ev. Kitaverband Berlin Mitte-Nord,posted,2026-07-30T13:20:11.217486,498
805dcdc53de964ad,https://ml.linkedin.com/jobs/view/responsable-d-agence-bamako-mali-at-lapaire-4447017031,"Responsable d'Agence - Bamako, Mali",,scraped,2026-07-30T18:59:05.317976,
6b5a303d92e60879,https://ml.linkedin.com/jobs/view/%C2%BFc%C3%B3mo-seleccionar-un-profesor-del-banco-de-elegibles-para-su-contrataci%C3%B3n%3F-at-divisi%C3%B3n-de-tecnolog%C3%ADas-de-la-informaci%C3%B3n-y-la-comunicaci%C3%B3n-4445040327,- ¿Cómo seleccionar un profesor del banco de elegibles para su contratación?,,scraped,2026-07-30T18:59:37.093059,
a5fbc0013e548d62,https://ml.linkedin.com/jobs/view/erzieher-m-w-d-kita-hedwigstr-teilzeit-vollzeit-unbefristet-at-nachbarschaftsheim-sch%C3%B6neberg-e-v-4444588142,"Erzieher (m/w/d) Kita Hedwigstr., Teilzeit/Vollzeit, unbefristet",,scraped,2026-07-30T23:36:39.823409,
362e5fb2d2e3bf56,https://ml.linkedin.com/jobs/view/hier-finden-sie-uns-at-arzt-f%C3%BCr-arzt-personamanagement-4445186849,Hier finden Sie uns:,Arzt für Arzt Personamanagement,posted,2026-07-30T23:36:50.599155,30
3a5fbb3a3c3bad8b,https://ml.linkedin.com/jobs/view/psykiater-at-finnmark-hospital-trust-4445741904,Psykiater,,scraped,2026-07-30T23:36:52.922445,
78788091594fc0fa,https://ml.linkedin.com/jobs/view/overlege-psykiater-at-finnmark-hospital-trust-4444581427,Overlege/ Psykiater,,scraped,2026-07-30T23:37:01.613694,
a75afddaa16182f9,https://ml.linkedin.com/jobs/view/photographe-et-vid%C3%A9aste-freelance-at-fama-global-4445003906,Photographe et vidéaste freelance,FAMA Global,posted,2026-07-30T23:37:14.427835,500
d6aa4e89b53133f9,https://ml.linkedin.com/jobs/view/ein-e-koch-k%C3%B6chin-at-ev-kitaverband-berlin-mitte-nord-4446802223,ein*e Koch*Köchin,Ev. Kitaverband Berlin Mitte-Nord,posted,2026-07-30T23:37:22.985282,502
5595b20376a0a303,https://ml.linkedin.com/jobs/view/erzieher-integrationsfachkraft-m-w-d-kita-stegerwald-in-teilzeit-unbefristet-at-nachbarschaftsheim-sch%C3%B6neberg-e-v-4444575558,"Erzieher/ Integrationsfachkraft (m/w/d) Kita Stegerwald in Teilzeit, unbefristet",,scraped,2026-07-30T23:37:25.465882,
30937364b31073b0,https://ml.linkedin.com/jobs/view/webflow-developer-at-odixcity-consulting-4446190524,Webflow Developer,Odixcity Consulting,posted,2026-07-30T23:37:36.699753,504
c50948da0037551a,https://ml.linkedin.com/jobs/view/seo-sem-specialist-at-odixcity-consulting-4446172993,SEO /SEM Specialist,Odixcity Consulting,posted,2026-07-30T23:37:43.937327,506
2747bc3b8707684b,https://ml.linkedin.com/jobs/view/information-extraction-specialist-at-odixcity-consulting-4445669560,Information Extraction Specialist,Odixcity Consulting,posted,2026-07-30T23:37:51.460229,508
11896a86afb9179c,https://ml.linkedin.com/jobs/view/script-writer-at-odixcity-consulting-4444503841,Script writer,Odixcity Consulting,posted,2026-07-31T10:03:24.600579,510
68fbb849ce348bc5,https://ml.linkedin.com/jobs/view/learning-and-development-manager-at-odixcity-consulting-4446547029,Learning and development manager,Odixcity Consulting,posted,2026-07-31T10:03:40.415801,512
5031f3110ce4d338,https://ml.linkedin.com/jobs/view/web-analytics-specialist-at-odixcity-consulting-4444508731,Web Analytics Specialist,Odixcity Consulting,posted,2026-07-31T10:03:54.174296,514
819d52c178c19261,https://ml.linkedin.com/jobs/view/software-engineer-annotator-at-odixcity-consulting-4446195087,Software Engineer Annotator,Odixcity Consulting,posted,2026-07-31T10:04:11.661853,516
d2f6c037596efdc5,https://ml.linkedin.com/jobs/view/p%C3%A4dagogische-fachkraft-assistenzkraft-m-w-d-at-lebenshilfe-hemmoor-4444570628,Pädagogische Fachkraft / Assistenzkraft (m/w/d),,scraped,2026-07-31T10:04:14.034723,
21032e2d79ce970d,https://ml.linkedin.com/jobs/view/ibrahim-sow-at-boxoutafrica-4447021606,Ibrahim Sow,,scraped,2026-07-31T17:12:21.801633,
a6e90a1119d3ec21,https://ml.linkedin.com/jobs/view/head-of-office-bamako-mali-ta-p4-at-un-women-4447523723,"Head of Office, Bamako, Mali, TA P4",UN Women,posted,2026-07-31T17:12:48.221912,518
ff400a64113115e2,https://ml.linkedin.com/jobs/view/budget-analyst-mali-at-center-for-civilians-in-conflict-4447575734,Budget Analyst (Mali),Center for Civilians in Conflict,posted,2026-07-31T21:46:51.976624,520
d2d3983e29be87a4,https://ml.linkedin.com/jobs/view/stagiare-assistante-de-direction-at-world-vision-4447560980,Stagiare Assistante de Direction,,scraped,2026-08-01T07:21:14.049295,
e0782bcee026290c,https://ml.linkedin.com/jobs/view/roving-finance-delegate-at-het-nederlandse-rode-kruis-4445524857,Roving Finance Delegate,,scraped,2026-08-01T07:21:32.570840,
85f863763e630c01,https://ml.linkedin.com/jobs/view/mysql-classic-at-digitaliza-ai-4447711829,MySQL Classic,,scraped,2026-08-01T11:49:24.428692,
8586b9e7e7adbafb,https://ml.linkedin.com/jobs/view/mongodb-at-digitaliza-ai-4447721742,MongoDB,,scraped,2026-08-01T15:41:50.747377,
63ab9f028bc6b688,https://ml.linkedin.com/jobs/view/ein-e-wirtschaftskraft-at-ev-kitaverband-berlin-mitte-nord-4447814319,ein*e Wirtschaftskraft,Ev. Kitaverband Berlin Mitte-Nord,posted,2026-08-01T15:42:09.360047,522
9bbba2bf49d8ad18,https://ml.linkedin.com/jobs/view/un-e-caissier-e-at-agence-priska-sabunyuman-assurances-4447838184,UN (E) CAISSIER (E),,scraped,2026-08-01T20:13:26.164474,
9394a5ec2f8ba431,https://ml.linkedin.com/jobs/view/p%C3%A4dagogische-fachkr%C3%A4fte-m-w-d-f%C3%BCr-die-kita-falkenkinder-in-marl-at-sjd-die-falken-landesverband-nrw-4444824637,Pädagogische Fachkräfte (m/w/d) für die KiTa Falkenkinder in Marl,,scraped,2026-08-02T07:40:33.565622,
096024d83580d630,https://ml.linkedin.com/jobs/view/mysql-enterprise-edition-at-digitaliza-ai-4447724699,MySQL Enterprise Edition,,scraped,2026-08-02T15:46:57.168947,
ff828d9a3b98fd50,https://ml.linkedin.com/jobs/view/emergency-project-manager-mali-mopti-national-position-at-norwegian-refugee-council-4447546212,Emergency Project Manager Mali Mopti_National Position,,scraped,2026-08-02T22:43:38.597813,
bacc695383da647f,https://ml.linkedin.com/jobs/view/erzieher-m-w-d-f%C3%BCr-die-kita-vorbergstr-in-teilzeit-befristet-at-nachbarschaftsheim-sch%C3%B6neberg-e-v-4444569718,"Erzieher (m/w/d) für die Kita Vorbergstr. in Teilzeit, befristet",,scraped,2026-08-03T05:27:32.788259,
72c121a084a814b3,https://ml.linkedin.com/jobs/view/stagiaire-at-agricap-4447798626,Stagiaire,AGRICAP,posted,2026-08-03T05:27:46.214497,524
09f8411eb3685b6f,https://ml.linkedin.com/jobs/view/banco-de-talentos-at-goldmed-import-4445891213,BANCO DE TALENTOS,,scraped,2026-08-03T12:47:55.609497,
f1307962ac15d2c0,https://ml.linkedin.com/jobs/view/domo-talks-cities-that-connect-at-domo-4445059410,Domo Talks: Cities that Connect,,scraped,2026-08-03T12:48:21.779240,
052853d1820a259a,https://ml.linkedin.com/jobs/view/hier-finden-sie-uns-at-arzt-f%C3%BCr-arzt-personamanagement-4447921036,Hier finden Sie uns:,Arzt für Arzt Personamanagement,posted,2026-08-03T16:13:31.775411,30
08d36097ecb06650,https://ml.linkedin.com/jobs/view/erzieher-in-p%C3%A4dagogische-fachkraft-m-w-d-at-awo-kreisverband-k%C3%B6ln-e-v-4448319162,"Erzieher*in, Pädagogische Fachkraft (m/w/d)",,scraped,2026-08-03T19:15:34.518353,
14275ef473b1b855,https://ml.linkedin.com/jobs/view/heilerziehungspfleger-in-m-w-d-kita-kolibri-in-geesthacht-at-arbeiter-samariter-bund-landesverband-schleswig-holstein-e-v-4446219837,"Heilerziehungspfleger:in (m/w/d), Kita Kolibri in Geesthacht",Arbeiter-Samariter-Bund Landesverband Schleswig-Holstein e.V.,posted,2026-08-03T19:15:51.882588,526
03a15556f1efbd95,https://ml.linkedin.com/jobs/view/grants-manager-at-international-rescue-committee-4448602773,Grants Manager,International Rescue Committee,posted,2026-08-03T22:49:08.271955,528
4700b74f5dc79a8b,https://ml.linkedin.com/jobs/view/betreuende-hilfskraft-m-w-d-kita-m%C3%B6wennest-in-kiel-at-arbeiter-samariter-bund-landesverband-schleswig-holstein-e-v-4446216851,"Betreuende Hilfskraft (m/w/d), Kita Möwennest in Kiel",Arbeiter-Samariter-Bund Landesverband Schleswig-Holstein e.V.,posted,2026-08-03T22:49:42.986947,530
47b7586089e5f2bb,https://ml.linkedin.com/jobs/view/freiwilliges-soziales-jahr-fsj-m-w-d-kita-m%C3%B6wennest-in-kiel-at-arbeiter-samariter-bund-landesverband-schleswig-holstein-e-v-4446219842,Freiwilliges Soziales Jahr (FSJ) (m/w/d) Kita Möwennest in Kiel,Arbeiter-Samariter-Bund Landesverband Schleswig-Holstein e.V.,posted,2026-08-03T22:49:52.320981,532
78cab37b1d19f9ed,https://ml.linkedin.com/jobs/view/freiwilliges-soziales-jahr-fsj-m-w-d-kita-bachlinge-in-l%C3%BCtjensee-dwerkaten-at-arbeiter-samariter-bund-landesverband-schleswig-holstein-e-v-4446235010,Freiwilliges Soziales Jahr (FSJ) (m/w/d) Kita Bachlinge in Lütjensee-Dwerkaten,Arbeiter-Samariter-Bund Landesverband Schleswig-Holstein e.V.,posted,2026-08-03T22:50:01.227227,534
b1a6e4c4771af634,https://ml.linkedin.com/jobs/view/mali-technical-engineer-at-growatt-new-energy-4446261678,Mali Technical Engineer,,scraped,2026-08-04T04:53:36.512917,
75fe74a95a42bf7d,https://ml.linkedin.com/jobs/view/conseiller-%C3%A8re-technique-associ%C3%A9-e-%E2%80%93-meal-suivi-%C3%A9valuation-redevabilit%C3%A9-et-apprentissage-at-health-light-africa-hla-4448647542,"Conseiller(ère) Technique Associé(e) – MEAL (Suivi, Évaluation, Redevabilité et Apprentissage)",,scraped,2026-08-04T04:53:49.844174,
4e34f9a0cb6d46e9,https://ml.linkedin.com/jobs/view/conseiller-%C3%A8re-en-d%C3%A9veloppement-institutionnel-et-renforcement-de-capacit%C3%A9-at-snv-in-asia-4446615632,Conseiller (ère) en Développement Institutionnel et Renforcement de Capacité,,scraped,2026-08-04T11:53:21.643520,
60bb0ac40242e0a3,https://ml.linkedin.com/jobs/view/manager-de-programme-senior-spm-projet-espoir-at-save-the-children-international-4448847604,Manager de programme senior (SPM) - Projet ESPOIR,,scraped,2026-08-04T11:53:50.570793,
602b1146167e05b6,https://ml.linkedin.com/jobs/view/finance-coordinator-mali-bamako-poste-national-at-norwegian-refugee-council-4448884867,Finance Coordinator Mali Bamako-Poste National,,scraped,2026-08-04T16:05:00.113168,
9cc0cde9881adc8d,https://ml.linkedin.com/jobs/view/erzieher-in-p%C3%A4dagogische-fachkraft-m-w-d-at-awo-kreisverband-k%C3%B6ln-e-v-4448306896,"Erzieher*in, Pädagogische Fachkraft (m/w/d)",,scraped,2026-08-04T16:05:22.872094,
e992cf9dc332d476,https://ml.linkedin.com/jobs/view/coordinateur-de-projet-espoir-at-save-the-children-international-4449014025,Coordinateur de projet - ESPOIR,,scraped,2026-08-04T19:16:35.601876,
d7df0eaf9ae68d3c,https://ml.linkedin.com/jobs/view/avis-de-recrutement-at-chambre-de-commerce-et-d%E2%80%99industrie-du-mali-ccim-4448574058,AVIS DE RECRUTEMENT,Chambre de Commerce et d’Industrie du Mali (CCIM),posted,2026-08-04T21:00:24.384539,472
406591df99a04bec,https://ml.linkedin.com/jobs/view/bintou-koite-at-lta-agency-eood-4449031302,Bintou Koite,LTA Agency EOOD,posted,2026-08-04T21:00:34.874616,536
2ecaf5d1ae070ae8,https://ml.linkedin.com/jobs/view/adiaratou-coulibaly-at-lta-agency-eood-4449042053,Adiaratou Coulibaly,LTA Agency EOOD,posted,2026-08-04T21:00:43.083523,538
7d1df19cdb6f6a71,https://ml.linkedin.com/jobs/view/assistant-technique-clerk-climatisation-at-undp-careers-4449043633,Assistant Technique Clerk Climatisation,UNDP Careers,posted,2026-08-04T21:00:52.345559,540
33e79e098f8c5297,https://ml.linkedin.com/jobs/view/employ%C3%A9-immobilier-4448845586,Employé immobilier,Potimmobat,posted,2026-08-04T21:01:00.105648,542
bb4ddbf3e3639887,https://ml.linkedin.com/jobs/view/head-of-business-development-at-adon-communications-ltd-4449047967,Head of Business Development,,scraped,2026-08-04T21:01:16.441722,
9096229e232244d1,https://ml.linkedin.com/jobs/view/recrutement-d-un-grant-manager-at-forum-des-ong-internationales-au-mali-4449045371,Recrutement d'un Grant Manager,,scraped,2026-08-04T21:01:37.011610,
2cda3f14f6872282,https://ml.linkedin.com/jobs/view/traor%C3%A9-saratou-at-lta-agency-eood-4449032234,Traoré Saratou,LTA Agency EOOD,posted,2026-08-04T22:52:09.411817,544
32383a0c86e97fb9,https://ml.linkedin.com/jobs/view/bassira-tour%C3%A9-at-lta-agency-eood-4449031292,Bassira Touré,LTA Agency EOOD,posted,2026-08-04T22:52:17.137912,546
9d9635d996687e80,https://ml.linkedin.com/jobs/view/a%C3%AFssata-traor%C3%A9-at-lta-agency-eood-4449021967,Aïssata Traoré,LTA Agency EOOD,posted,2026-08-04T22:52:27.036956,548
ecd67dc0e76c0dbb,https://ml.linkedin.com/jobs/view/charg%C3%A9-e-de-recherche-pour-le-mali-bas%C3%A9-e-%C3%A0-bamako-link-for-internal-applicants-at-impact-initiatives-4448569179,"Chargé.e de Recherche pour le Mali, Basé.e à Bamako (Link For Internal Applicants)",IMPACT Initiatives,posted,2026-08-05T01:19:51.364040,550
d3d2d428312c6cd8,https://ml.linkedin.com/jobs/view/charg%C3%A9-e-de-recherche-pour-le-mali-bas%C3%A9-e-%C3%A0-bamako-link-for-external-applicants-at-impact-initiatives-4448577106,"Chargé.e de Recherche pour le Mali, basé.e à Bamako (Link For External Applicants)",IMPACT Initiatives,posted,2026-08-05T01:20:05.357042,552
95bd96f0573eb3e5,https://ml.linkedin.com/jobs/view/erzieher-in-m-w-d-in-der-krippe-kita-m%C3%B6wennest-in-kiel-at-arbeiter-samariter-bund-landesverband-schleswig-holstein-e-v-4446233043,"Erzieher:in (m/w/d) in der Krippe, Kita Möwennest in Kiel",Arbeiter-Samariter-Bund Landesverband Schleswig-Holstein e.V.,posted,2026-08-05T01:20:20.373773,554
4bae59d0257bbeef,https://ml.linkedin.com/jobs/view/commercial-mines-bamako-sites-at-sourcing-and-procurement-mali-4449402333,Commercial mines Bamako / sites,Sourcing and Procurement Mali,posted,2026-08-05T04:52:33.967898,556
7c0328e89e5e1b7e,https://ml.linkedin.com/jobs/view/adv-logistique-bamako-at-sourcing-and-procurement-mali-4449407174,ADV / Logistique Bamako,Sourcing and Procurement Mali,posted,2026-08-05T04:52:44.816416,558
af38d3da3b87fbdb,https://ml.linkedin.com/jobs/view/recrutement-d-un-e-tuteur-trice-formation-professionnelle-et-entrepreneuriat-at-forum-des-ong-internationales-au-mali-4449043401,Recrutement d'un(e) Tuteur(trice) Formation Professionnelle et Entrepreneuriat,,scraped,2026-08-05T08:12:57.927669,
9ecbd28af14bd3bf,https://ml.linkedin.com/jobs/view/emergency-project-manager-mali-mopti-national-position-at-reliefweb-4448978527,Emergency Project Manager Mali Mopti_National Position,ReliefWeb,posted,2026-08-05T08:13:12.708062,560
9a91922f6cd92137,https://ml.linkedin.com/jobs/view/berta-at-goska-management-4448979224,BERTA,Goska Management,posted,2026-08-05T08:13:24.322870,562
cc8f58570414ac67,https://ml.linkedin.com/jobs/view/assistant-technique-en-g%C3%A9nie-civil-at-undp-careers-4449044662,Assistant technique en génie civil,UNDP Careers,posted,2026-08-05T08:13:35.132047,564
a101488f905d7243,https://ml.linkedin.com/jobs/view/aicha-samake-at-lta-agency-eood-4449028631,Aicha Samake,LTA Agency EOOD,posted,2026-08-05T08:13:48.764114,566
3d5eac6b8620b0d2,https://ml.linkedin.com/jobs/view/fatou-dembele-at-lta-agency-eood-4449035214,Fatou Dembele,LTA Agency EOOD,posted,2026-08-05T08:13:56.382704,568
1d55d8ed833e1e61,https://ml.linkedin.com/jobs/view/fatoumata-diarra-at-lta-agency-eood-4449035198,Fatoumata Diarra,LTA Agency EOOD,posted,2026-08-05T08:14:06.404698,570
e936aab03937232d,https://ml.linkedin.com/jobs/view/xamp%C3%BA-anti-caiguda-250ml-at-m32-natural-haircare-4449429217,Xampú anti-caiguda 250ml,,scraped,2026-08-05T08:14:12.752690,
39396bbc46b98728,https://ml.linkedin.com/jobs/view/commercial-insurance-marketer-niagara-falls-at-youngs-insurance-brokers-inc-4448967830,Commercial Insurance Marketer - Niagara Falls,,scraped,2026-08-05T08:14:40.449187,
c446c6c86b6bbf79,https://ml.linkedin.com/jobs/view/sirah-at-eterniseed-4449471523,Sirah,Eterniseed,posted,2026-08-05T11:50:32.593973,572
79723ae728a25a56,https://ml.linkedin.com/jobs/view/electrical-technical-assistant-at-undp-careers-4449032766,Electrical Technical Assistant,UNDP Careers,posted,2026-08-05T11:50:41.787307,574
624c04befc581343,https://ml.linkedin.com/jobs/view/ausbildung-b%C3%A4ckereifach-verk%C3%A4ufer-in-%0A-m-w-d-at-balkenholl-b%C3%A4ckerei-4448977258,"Ausbildung Bäckereifach-verkäufer/in 
(m/w/d)",Balkenholl Bäckerei,posted,2026-08-05T11:51:06.322175,576
ea40ac08671b85bf,https://ml.linkedin.com/jobs/view/sch%C3%BCler-in-f%C3%BCr-den-verkauf-m-w-d-at-balkenholl-b%C3%A4ckerei-4448971342,Schüler/in  für den Verkauf  (m/w/d),Balkenholl Bäckerei,posted,2026-08-05T11:51:24.218280,578
9ac7744f20491cc9,https://ml.linkedin.com/jobs/view/contribute-to-atc-at-atc-africa-botswana-4448012236,Contribute to ATC,ATC Africa Botswana,posted,2026-08-05T13:31:46.883090,580
4f2cef8f492d160e,https://ml.linkedin.com/jobs/view/depot-at-burgener-sport-ag-4448924718,depot,,scraped,2026-08-05T13:31:55.321957,
1b50dc5a7b5173bf,https://ml.linkedin.com/jobs/view/total-e-p-nkossa-project-at-andra-offshore-4449491790,Total E & P Nkossa Project,Andra Offshore,posted,2026-08-05T13:32:27.511519,582
cfcec11fc708f447,https://ml.linkedin.com/jobs/view/domo-deckenleuchte-at-davies-led-4449483166,Domo Deckenleuchte,,scraped,2026-08-05T13:32:51.928542,
eef49b9959fdd73f,https://ml.linkedin.com/jobs/view/qa-ai-engineer-at-red-tic-4449601291,QA AI ENGINEER,,scraped,2026-08-05T13:33:00.443050,
c3e75f103043ac57,https://ml.linkedin.com/jobs/view/hivernage-2026-floods-and-lightning-strikes-in-mali-at-global-threat-signal-4449639313,Hivernage 2026 floods and lightning strikes in Mali,Global Threat Signal,posted,2026-08-05T13:33:15.785393,584
3a86eafee5bb18fc,https://ml.linkedin.com/jobs/view/usan-ufr-olt-project-at-andra-offshore-4449602125,Usan Ufr & Olt Project,Andra Offshore,posted,2026-08-05T13:33:28.213556,586
319e029c74ea3e08,https://ml.linkedin.com/jobs/view/wenchang-field-diving-campaign-at-andra-offshore-4449498221,Wenchang Field Diving Campaign,Andra Offshore,posted,2026-08-05T13:33:36.444508,588
c825353d75c6c6f3,https://ml.linkedin.com/jobs/view/usan-ufr-olt-project-%232-at-andra-offshore-4449486921,Usan Ufr & Olt Project #2,Andra Offshore,posted,2026-08-05T13:33:45.270303,590
c3417f12e8be4d53,https://ml.linkedin.com/jobs/view/ika-jz-development-to-ika-sealine-at-andra-offshore-4449494618,Ika JZ Development To Ika Sealine,Andra Offshore,posted,2026-08-05T13:33:57.407622,592
c15f600be3ebf0b2,https://ml.linkedin.com/jobs/view/appel-d-offre-ref-ww-multi-projets-mali-2026-prmal0721-olt01-at-forum-des-ong-internationales-au-mali-4446845460,Appel d'offre : REF: WW/MULTI-PROJETS/MALI/2026/PRMAL0721/OLT01,,scraped,2026-08-05T15:53:10.929499,
af95eda3da168075,https://ml.linkedin.com/jobs/view/kommissionierer-in-bzw-versandleiter-in%0A-m-w-d-at-balkenholl-b%C3%A4ckerei-4448971337,"Kommissionierer/in bzw. Versandleiter/in
(m/w/d)",Balkenholl Bäckerei,posted,2026-08-05T15:53:33.558074,594
a0271b0fa4b17dfd,https://ml.linkedin.com/jobs/view/unsere-stellenangebote-at-hessisches-ministerium-f%C3%BCr-wissenschaft-und-forschung-kunst-und-kultur-4447357774,Unsere Stellenangebote,,scraped,2026-08-05T15:53:40.093869,
b5a36b99df4142b4,https://ml.linkedin.com/jobs/view/crx-pipeline-project-at-andra-offshore-4449482952,Crx Pipeline Project,Andra Offshore,posted,2026-08-05T15:53:52.965780,596
95ce4522a6b65dca,https://ml.linkedin.com/jobs/view/zawitka-development-project-at-andra-offshore-4449489838,Zawitka Development Project,Andra Offshore,posted,2026-08-05T15:54:05.555764,598
c66adfb2f3154b58,https://ml.linkedin.com/jobs/view/konditor-in-f%C3%BCr-traditionsbackstube-%0A-m-w-d-at-balkenholl-b%C3%A4ckerei-4448966329,"Konditor/in für Traditionsbackstube 
(m/w/d)",Balkenholl Bäckerei,posted,2026-08-05T15:54:34.010022,600
47d6c3e6fd0c1b9e,https://ml.linkedin.com/jobs/view/crx-pipeline-project-%232-at-andra-offshore-4449481980,Crx Pipeline Project #2,Andra Offshore,posted,2026-08-05T17:17:43.519520,602
a2e17e0d10606700,https://ml.linkedin.com/jobs/view/crx-pipeline-project-%233-at-andra-offshore-4449485882,Crx Pipeline Project #3,Andra Offshore,posted,2026-08-05T17:17:58.602005,604
7641f28174c26666,https://ml.linkedin.com/jobs/view/absolut-all-insurance-ag-at-leading-brokers-united-spain-sl-4449661069,Absolut All Insurance AG,,scraped,2026-08-05T17:18:04.927560,
e3239ad72514d1e8,https://ml.linkedin.com/jobs/view/sonangol-canuku-well-plug-abandonment-at-andra-offshore-4449495547,Sonangol  Canuku Well Plug Abandonment,Andra Offshore,posted,2026-08-05T19:10:47.767234,606
cfaa3d3f8f994571,https://ml.linkedin.com/jobs/view/alam-hydro-offshore-malaysia-at-andra-offshore-4449601123,Alam Hydro Offshore Malaysia,Andra Offshore,posted,2026-08-05T19:10:56.511391,608
914252d15904a17a,https://ml.linkedin.com/jobs/view/b%C3%A4cker-in-f%C3%BCr-traditionsbackstube-%0A-m-w-d-at-balkenholl-b%C3%A4ckerei-4448976267,"Bäcker/in für Traditionsbackstube 
(m/w/d)",Balkenholl Bäckerei,posted,2026-08-05T19:11:05.283353,610
0cb1b6e3f875b4a3,https://ml.linkedin.com/jobs/view/poseidon-casablanca-subsea-project-at-andra-offshore-4449486919,Poseidon & Casablanca Subsea Project,Andra Offshore,posted,2026-08-05T19:11:16.273901,612
25896463c5ab9d7c,https://ml.linkedin.com/jobs/view/ausbildung-b%C3%A4cker-in-m-w-d-at-balkenholl-b%C3%A4ckerei-4448957588,Ausbildung Bäcker/in   (m/w/d),Balkenholl Bäckerei,posted,2026-08-05T19:11:27.270061,614
0fd0ac42d41eb702,https://ml.linkedin.com/jobs/view/b%C3%A4ckereifach-verk%C3%A4ufer-in-%0A-m-w-d-at-balkenholl-b%C3%A4ckerei-4448964404,"Bäckereifach-verkäufer/in 
(m/w/d)",Balkenholl Bäckerei,posted,2026-08-05T19:11:36.208891,616
768c886bfc17e964,https://ml.linkedin.com/jobs/view/key-account-lead-at-wave-mobile-money-4449661397,Key Account Lead,,scraped,2026-08-05T20:54:53.109410,
562be049eaff25b1,https://ml.linkedin.com/jobs/view/restauranteensalamanca-es-at-knock-s-r-l-4449115819,restauranteensalamanca.es,,scraped,2026-08-05T22:46:51.388620,
49ea3d794673c374,https://ml.linkedin.com/jobs/view/banco-de-talentos-at-usemobile-4449687738,Banco de talentos,,scraped,2026-08-05T22:47:00.370428,
293a4b616db78cd1,https://ml.linkedin.com/jobs/view/coordinateur-de-projet-espoir-at-save-the-children-colombia-oficial-4449911956,Coordinateur de projet - ESPOIR,,scraped,2026-08-05T22:47:26.342668,
7b0308b898b818d9,https://ml.linkedin.com/jobs/view/ruby-project-at-andra-offshore-4449493648,Ruby Project,Andra Offshore,posted,2026-08-05T22:48:05.870262,618
4faaa4312757bff5,https://ml.linkedin.com/jobs/view/hier-finden-sie-uns-at-arzt-f%C3%BCr-arzt-personamanagement-4449317074,Hier finden Sie uns:,Arzt für Arzt Personamanagement,posted,2026-08-05T22:48:10.443245,30
13c384202797e13e,https://ml.linkedin.com/jobs/view/responsable-logistique-4450236493,Responsable logistique,GMC s/c SONALIM SA,posted,2026-08-06T11:55:46.139812,620
2a80e4de8beb78e8,https://ml.linkedin.com/jobs/view/hier-finden-sie-uns-at-arzt-f%C3%BCr-arzt-personamanagement-4449376920,Hier finden Sie uns:,Arzt für Arzt Personamanagement,posted,2026-08-06T11:56:02.765890,30
2c83d19ba787abdf,https://ml.linkedin.com/jobs/view/talent-roster-country-coordinator-mali-sahel-region-at-feed-the-future-senegal-project-dund%C3%ABl-suuf-4450241630,Talent roster - Country Coordinator - Mali - Sahel Region,,scraped,2026-08-06T13:29:27.286230,
2dcf7cda28a46732,https://ml.linkedin.com/jobs/view/coach-agile-scrum-master-facilitateur-at-red-tic-4450258391,COACH AGILE / SCRUM MASTER / FACILITATEUR,,scraped,2026-08-06T13:29:38.261628,
3225e6d671515873,https://ml.linkedin.com/jobs/view/expert-project-leader-%E2%80%93-trade-investments-at-red-tic-4450244690,EXPERT PROJECT LEADER – TRADE & INVESTMENTS,,scraped,2026-08-06T13:30:07.371773,
89cf0e5d0130f324,https://ml.linkedin.com/jobs/view/it-support-manager-at-red-tic-4450253549,IT SUPPORT MANAGER,,scraped,2026-08-06T13:30:22.912190,
a85b4a2fbec692e7,https://ml.linkedin.com/jobs/view/developpeur-se-fullstack-vuejs2-vuetify-laravel-at-red-tic-4450241702,DEVELOPPEUR(SE) FULLSTACK VUEJS2 / VUETIFY / LARAVEL,,scraped,2026-08-06T13:30:33.863113,
40ded4f94167bd52,https://ml.linkedin.com/jobs/view/ingenieur-data-senior-at-red-tic-4450257498,INGENIEUR DATA SENIOR,,scraped,2026-08-06T13:30:41.718914,
f855831c9f12e264,https://ml.linkedin.com/jobs/view/berta-miralles-at-actives-x-clima-4450618147,Berta Miralles,Actives x Clima,posted,2026-08-06T23:05:29.775907,622
18ca99ee8e048488,https://ml.linkedin.com/jobs/view/account-manager-cite-at-bia-group-4448425907,Account Manager CITE,,scraped,2026-08-06T23:05:44.417776,
a32d750d67e8c4da,https://ml.linkedin.com/jobs/view/hier-finden-sie-uns-at-arzt-f%C3%BCr-arzt-personamanagement-4450655008,Hier finden Sie uns:,Arzt für Arzt Personamanagement,posted,2026-08-06T23:06:01.030933,30
efd801fcefa1f65c,https://ml.linkedin.com/jobs/view/wash-officer-no-2-temporary-position-hargeisa-somalia-post%2300137910-at-unicef-4450286826,"WASH Officer, NO-2, Temporary Position, Hargeisa, Somalia, Post#00137910",UNICEF,posted,2026-08-06T23:06:24.859719,624
c144fd68c0dd6084,https://ml.linkedin.com/jobs/view/chef-de-projet-senior-cyber-securite-at-red-tic-4450263139,CHEF DE PROJET SENIOR CYBER SECURITE,,scraped,2026-08-06T23:06:47.528346,
a482b56f698b397c,https://ml.linkedin.com/jobs/view/process-engineer-senior-process-engineer-at-silterra-malaysia-sdn-bhd-4448491565,Process Engineer/ Senior Process Engineer,SilTerra Malaysia Sdn. Bhd.,posted,2026-08-07T04:26:21.822210,626
f421ffe0530e9058,https://ml.linkedin.com/jobs/view/process-engineer-senior-process-engineer-at-silterra-malaysia-sdn-bhd-4448493489,Process Engineer/ Senior Process Engineer,SilTerra Malaysia Sdn. Bhd.,scraped,2026-08-07T04:27:45.852546,
48c98cea78f214ab,https://ml.linkedin.com/jobs/view/equipment-engineer-senior-equipment-engineer-at-silterra-malaysia-sdn-bhd-4448487659,Equipment Engineer/ Senior Equipment Engineer,SilTerra Malaysia Sdn. Bhd.,posted,2026-08-07T04:29:18.770424,628
63b826c92b7fc209,https://ml.linkedin.com/jobs/view/manufacturing-engineer-senior-manufacturing-engineer-at-silterra-malaysia-sdn-bhd-4448497488,Manufacturing Engineer/ Senior Manufacturing Engineer,SilTerra Malaysia Sdn. Bhd.,posted,2026-08-07T04:30:45.912009,630
ca806925cd9a7b69,https://ml.linkedin.com/jobs/view/remplir-le-formulaire-ci-dessous-pour-postuler-%C3%A0-cette-offre-at-visaltis-4450051844,Remplir le formulaire ci-dessous pour postuler à cette offre,Visaltis,posted,2026-08-07T06:57:50.445260,632
9c957ba6d0ddfd7c,https://ml.linkedin.com/jobs/view/remplir-le-formulaire-ci-dessous-pour-postuler-%C3%A0-cette-offre-at-visaltis-4450053726,Remplir le formulaire ci-dessous pour postuler à cette offre,Visaltis,scraped,2026-08-07T06:58:54.361229,
4db429eae1b75a68,https://ml.linkedin.com/jobs/view/remplir-le-formulaire-ci-dessous-pour-postuler-%C3%A0-cette-offre-at-visaltis-4450041958,Remplir le formulaire ci-dessous pour postuler à cette offre,Visaltis,scraped,2026-08-07T06:58:58.210894,
eeaac7bbcc5a89d2,https://ml.linkedin.com/jobs/view/hier-finden-sie-uns-at-arzt-f%C3%BCr-arzt-personamanagement-4450300456,Hier finden Sie uns:,Arzt für Arzt Personamanagement,posted,2026-08-07T10:41:22.282647,30
69c9ea9a25e4d9ec,https://ml.linkedin.com/jobs/view/assisterende-enhetsleder-d%C3%B8gnenheten-tana-at-finnmark-hospital-trust-4448769414,Assisterende enhetsleder Døgnenheten Tana,,scraped,2026-08-07T12:36:33.867079,
aa1c5f62e4bdf260,https://ml.linkedin.com/jobs/view/hier-finden-sie-uns-at-arzt-f%C3%BCr-arzt-personamanagement-4450086750,Hier finden Sie uns:,Arzt für Arzt Personamanagement,posted,2026-08-07T12:37:16.040284,30
53fc4379489ab63b,https://ml.linkedin.com/jobs/view/ingenieur-systemes-et-reseaux-at-red-tic-4450692748,INGENIEUR SYSTEMES ET RESEAUX,,scraped,2026-08-07T14:45:21.224462,
5518e9fdfe623d7f,https://ml.linkedin.com/jobs/view/remplir-le-formulaire-ci-dessous-pour-postuler-%C3%A0-cette-offre-at-visaltis-4450057436,Remplir le formulaire ci-dessous pour postuler à cette offre,Visaltis,posted,2026-08-07T14:45:48.564788,634
193ff3e323c38834,https://ml.linkedin.com/jobs/view/remplir-le-formulaire-ci-dessous-pour-postuler-%C3%A0-cette-offre-at-visaltis-4450060206,Remplir le formulaire ci-dessous pour postuler à cette offre,Visaltis,scraped,2026-08-07T14:45:52.447929,
a9117d545ef74654,https://ml.linkedin.com/jobs/view/remplir-le-formulaire-ci-dessous-pour-postuler-%C3%A0-cette-offre-at-visaltis-4450041971,Remplir le formulaire ci-dessous pour postuler à cette offre,Visaltis,scraped,2026-08-07T14:45:56.380844,
22668134b23ea45f,https://ml.linkedin.com/jobs/view/inventory-clerk-at-wave-mobile-money-4450725549,Inventory Clerk,,scraped,2026-08-07T16:39:25.492178,
c5dbc7e7af640053,https://ml.linkedin.com/jobs/view/key-account-lead-at-wave-gambia-4449120463,Key Account Lead,Wave Gambia,posted,2026-08-07T16:39:50.317102,636
c7833c3e6b7a9078,https://ml.linkedin.com/jobs/view/digital-media-local-history-604494670-at-the-global-institute-for-health-and-human-rights-4450686333,Digital Media: Local History - 604494670,The Global Institute for Health and Human Rights,posted,2026-08-07T16:40:17.188653,638
971c39ed11c6b0cd,https://ml.linkedin.com/jobs/view/manufacturing-technician-sr-technician-tech-specialist-ae-at-silterra-malaysia-sdn-bhd-4448492523,Manufacturing - Technician/ Sr Technician/ Tech Specialist/ AE,SilTerra Malaysia Sdn. Bhd.,posted,2026-08-07T18:38:58.578079,640
f5f75099343388b5,https://ml.linkedin.com/jobs/view/data-analyst-et-bi-consultant-it-at-red-tic-4450241666,DATA ANALYST ET BI CONSULTANT (IT),,scraped,2026-08-07T18:39:19.150778,
83096ce54f63035f,https://ml.linkedin.com/jobs/view/chef-de-projet-amoa-%E2%80%93-erp-retail-it-at-red-tic-4450239691,CHEF DE PROJET AMOA – ERP RETAIL (IT),,scraped,2026-08-07T18:39:28.977433,
6947eae8394f7185,https://ml.linkedin.com/jobs/view/key-account-manager-%E2%80%93-it-cybersecurite-at-red-tic-4450247592,KEY ACCOUNT MANAGER – IT & CYBERSECURITE,,scraped,2026-08-07T18:39:37.077870,
5eaa47b09d9716d8,https://ml.linkedin.com/jobs/view/banco-de-vagas-instituto-socioambiental-at-instituto-socioambiental-4450335345,Banco de vagas - Instituto Socioambiental,Instituto Socioambiental - ISA,posted,2026-08-07T22:24:16.666819,642
53a3af3ac323ed6b,https://ml.linkedin.com/jobs/view/recrutement-d-un-cabinet-international-pour-l-audit-organisationnel-fonctionnel-et-institutionnel-du-minist%C3%A8re-en-charge-de-la-sant%C3%A9-at-chambre-de-commerce-et-d%E2%80%99industrie-du-mali-ccim-4450364411,"Recrutement d'un cabinet international pour l'audit organisationnel, fonctionnel et institutionnel du ministère en charge de la santé",Chambre de Commerce et d’Industrie du Mali (CCIM),posted,2026-08-07T22:24:43.153618,644
b3e9500f74fe51b0,https://ml.linkedin.com/jobs/view/manager-de-programme-senior-padem-at-save-the-children-colombia-oficial-4450777744,Manager de Programme Senior_PADEM,,scraped,2026-08-07T22:24:45.789239,
90921d82014ecdf8,https://ml.linkedin.com/jobs/view/partypicks-digital-pique-at-igo-objets-pub-france-4451015023,PartyPicks Digital pique,,scraped,2026-08-08T00:41:51.107233,
154e23602b39ae2b,https://ml.linkedin.com/jobs/view/absolut-all-insurance-ag-at-leading-brokers-united-spain-sl-4450714695,Absolut All Insurance AG,,scraped,2026-08-08T00:42:06.136297,
bd753295a9aa1b05,https://ml.linkedin.com/jobs/view/remplir-le-formulaire-ci-dessous-pour-postuler-%C3%A0-cette-offre-at-visaltis-4450063099,Remplir le formulaire ci-dessous pour postuler à cette offre,Visaltis,posted,2026-08-08T00:43:25.444176,646
2706fe303fa130ba,https://ml.linkedin.com/jobs/view/inventory-clerk-at-wave-gambia-4451012895,Inventory Clerk,Wave Gambia,posted,2026-08-08T03:15:34.445073,648
63019ac265ba638f,https://ml.linkedin.com/jobs/view/banco-de-vagas-instituto-socioambiental-at-instituto-socioambiental-4451013383,Banco de vagas - Instituto Socioambiental,,scraped,2026-08-08T03:15:49.006989,
60ed9a0e1c6361d2,https://ml.linkedin.com/jobs/view/absolut-all-insurance-ag-at-leading-brokers-united-spain-sl-4450549543,Absolut All Insurance AG,,scraped,2026-08-08T03:15:56.269910,
538003c317c59050,https://ml.linkedin.com/jobs/view/mitarbeiter-in-f%C3%BCr-die-mietverwaltung-m-w-d-in-vollzeit-at-stadtbau-gmbh-bamberg-4450338632,Mitarbeiter:in für die Mietverwaltung (m/w/d) in Vollzeit,,scraped,2026-08-08T06:30:14.193199,
b5674b026d854061,https://ml.linkedin.com/jobs/view/pozitron-at-2bdezigned-architectural-interior-design-4450591588,Pozitron,,scraped,2026-08-08T14:21:40.803895,
781964fb71cca86e,https://ml.linkedin.com/jobs/view/konsept-ofis-at-2bdezigned-architectural-interior-design-4450586625,Konsept Ofis,,scraped,2026-08-08T14:22:32.274878,
0be5a3ac4e9895b4,https://ml.linkedin.com/jobs/view/private-boutique-business-hotel-at-2bdezigned-architectural-interior-design-4450591583,Private Boutique Business Hotel,,scraped,2026-08-08T16:18:19.528370,
ab3a6b38a819248c,https://ml.linkedin.com/jobs/view/process-technician-sr-technician-tech-specialist-ae-at-silterra-malaysia-sdn-bhd-4448497449,Process - Technician/ Sr Technician/ Tech Specialist/ AE,SilTerra Malaysia Sdn. Bhd.,posted,2026-08-09T04:55:44.913745,650
37a2833a4a6833c0,https://ml.linkedin.com/jobs/view/absolut-all-insurance-ag-at-leading-brokers-united-spain-sl-4451314799,Absolut All Insurance AG,,scraped,2026-08-09T04:55:49.404459,
3302ebfe91f493e2,https://ml.linkedin.com/jobs/view/hier-finden-sie-uns-at-arzt-f%C3%BCr-arzt-personamanagement-4450948347,Hier finden Sie uns:,Arzt für Arzt Personamanagement,posted,2026-08-09T10:21:33.805780,30
d65e9fe53e407591,https://ml.linkedin.com/jobs/view/hier-finden-sie-uns-at-arzt-f%C3%BCr-arzt-personamanagement-4450951288,Hier finden Sie uns:,Arzt für Arzt Personamanagement,scraped,2026-08-09T10:22:29.728566,
08da911c9bb91a98,https://ml.linkedin.com/jobs/view/manager-de-programme-senior-spm-projet-espoir-at-save-the-children-colombia-oficial-4451354911,Manager de programme senior (SPM) - Projet ESPOIR,,scraped,2026-08-09T22:17:46.778631,
1a4ac7b2698cc080,https://ml.linkedin.com/jobs/view/absolut-all-insurance-ag-at-leading-brokers-united-spain-sl-4451384469,Absolut All Insurance AG,,scraped,2026-08-10T05:14:06.804335,
78c53f785098e89b,https://ml.linkedin.com/jobs/view/protection-de-boule-d-attelage-at-igo-objets-pub-france-4451313541,Protection de boule d'attelage,,scraped,2026-08-10T09:04:58.104547,
84c583905666eebf,https://ml.linkedin.com/jobs/view/banco-de-vagas-instituto-socioambiental-at-instituto-socioambiental-4450009681,Banco de vagas - Instituto Socioambiental,,scraped,2026-08-10T14:49:25.876321,
d9eef2d2d6dac6e5,https://ml.linkedin.com/jobs/view/inside-sales-associate-at-the-global-institute-for-health-and-human-rights-4451382286,Inside Sales Associate,The Global Institute for Health and Human Rights,posted,2026-08-10T16:41:26.997627,652
7fe593bfa0cbb7b6,https://ml.linkedin.com/jobs/view/flexible-prospektverteiler-m-w-d-mit-pkw-auf-minijob-basis-at-armin-diehl-gmbh-direktwerbung-4451434685,Flexible Prospektverteiler (m/w/d) mit PKW auf Minijob-Basis,,scraped,2026-08-10T20:29:29.103209,
f5e9d4d4f9ea983b,https://ml.linkedin.com/jobs/view/commerciale-at-sahel-prestige-services-4452018928,Commerciale,Sahel Prestige Services,posted,2026-08-10T22:25:21.840079,654
56e04867327092cf,https://ml.linkedin.com/jobs/view/hier-finden-sie-uns-at-arzt-f%C3%BCr-arzt-personamanagement-4451475018,Hier finden Sie uns:,Arzt für Arzt Personamanagement,posted,2026-08-11T10:41:37.176763,30
37f8ccb8cd6bb4c5,https://ml.linkedin.com/jobs/view/eine-verwaltungskraft-at-ev-kitaverband-berlin-mitte-nord-4452458958,eine Verwaltungskraft,Ev. Kitaverband Berlin Mitte-Nord,posted,2026-08-11T16:44:13.733540,656
7141f40ada5cc679,https://ml.linkedin.com/jobs/view/alicja-at-kobiety-do-kodu-4449217136,Alicja,,scraped,2026-08-11T18:43:38.727597,
1728fb35913849c6,https://ml.linkedin.com/jobs/view/sie-sind-at-thermo-king-s%C3%BCd-4452090145,Sie sind:,THERMO KING SÜD,posted,2026-08-11T20:32:09.647025,138
d9508138b8356911,https://ml.linkedin.com/jobs/view/%C3%B6zel-ofis-1-at-2bdezigned-architectural-interior-design-4450597404,Özel Ofis - 1,,scraped,2026-08-11T20:32:36.108676,
8521778e5d84858d,https://ml.linkedin.com/jobs/view/%C3%B6zel-konut-2-at-2bdezigned-architectural-interior-design-4450593542,Özel Konut 2,,scraped,2026-08-11T20:32:45.780082,
d9f8a1eeadd344cb,https://ml.linkedin.com/jobs/view/sie-sind-at-thermo-king-s%C3%BCd-4452086172,Sie sind:,THERMO KING SÜD,scraped,2026-08-11T20:33:05.082434,
6dce0f63260ae7fe,https://ml.linkedin.com/jobs/view/hem%C5%9Fire-hem%C5%9Fire-att-paramedik-radyoloji-teknikeri-odyometri-teknikeri-dsp-isyeri-hemsiresi-aranmaktad%C4%B1r-at-i%CC%87%C5%9Fitme-cihaz%C4%B1-ve-i%CC%87%C5%9Fitme-bilimi-forumu-4452050522,"Hemşire - Hemşire,ATT,Paramedik,Radyoloji Teknikeri,Odyometri Teknikeri, DSP(isyeri Hemsiresi) Aranmaktadır",,scraped,2026-08-12T00:53:47.212818,
fc8c76f1d813a668,https://ml.linkedin.com/jobs/view/commercial-4449864566,Commercial,Eden Consulting,posted,2026-08-12T00:53:57.417448,34
c24983b5645d2941,https://ml.linkedin.com/jobs/view/sports-match-reporter-data-scout-%E2%80%93-mali-at-sport-data-africa-4449835294,Sports Match Reporter / Data Scout – Mali,Sport Data Africa,posted,2026-08-12T00:54:07.593035,658
e0b7a9b0662dae06,https://ml.linkedin.com/jobs/view/sie-sind-at-thermo-king-s%C3%BCd-4452094117,Sie sind:,THERMO KING SÜD,posted,2026-08-12T00:54:38.456955,138
d821584a06c62a60,https://ml.linkedin.com/jobs/view/stu%C2%ADdie%C2%ADren%C2%ADde-at-haimer-southeast-asia-and-india-4448739110,STU­DIE­REN­DE,,scraped,2026-08-12T03:54:24.939211,
d1ec157d1a4eb554,https://ml.linkedin.com/jobs/view/responsable-ressources-humaines-principal-at-so-p-g-s-societe-de-prevention-de-gardiennage-et-de-s%C3%A9curit%C3%A9-4453017917,Responsable ressources humaines principal,SO.P.G.S (Societe de Prevention de Gardiennage et de Sécurité),posted,2026-08-12T03:54:45.165745,660
a1d48d243c570070,https://ml.linkedin.com/jobs/view/absolut-all-insurance-ag-at-leading-brokers-united-spain-sl-4452331380,Absolut All Insurance AG,,scraped,2026-08-12T07:03:39.348558,
76cb748ce9a2c7e9,https://ml.linkedin.com/jobs/view/eucap-sahel-mali-2-2026-call-for-contribution-%E2%80%93-european-union-capacity-building-mission-in-mali-eucap-sahel-mali-at-eubam-libya-4451970876,EUCAP Sahel Mali 2-2026 - Call for Contribution – European Union Capacity Building Mission in Mali (EUCAP Sahel Mali),,scraped,2026-08-12T07:03:48.269122,
c9add0f68ec1a48f,https://ml.linkedin.com/jobs/view/coordinateur-de-projet-espoir-at-save-the-children-colombia-oficial-4451357789,Coordinateur de projet - ESPOIR,,scraped,2026-08-12T08:58:43.629946,
b9b58ced22069ed6,https://ml.linkedin.com/jobs/view/sosionom-at-finnmark-hospital-trust-4451132388,Sosionom,,scraped,2026-08-12T08:58:52.571987,
128413b00cea97ac,https://ml.linkedin.com/jobs/view/hier-finden-sie-uns-at-arzt-f%C3%BCr-arzt-personamanagement-4452380174,Hier finden Sie uns:,Arzt für Arzt Personamanagement,posted,2026-08-12T10:49:59.648346,30
beca450642eb7284,https://ml.linkedin.com/jobs/view/operational-maintenance-engineer-at-engie-nederland-4450122932,Operational Maintenance Engineer,,scraped,2026-08-12T10:50:02.230567,
004ca39e308128f7,https://ml.linkedin.com/jobs/view/toros-tar%C4%B1m-samsun-at-2bdezigned-architectural-interior-design-4450581983,Toros Tarım Samsun,,scraped,2026-08-12T10:50:31.238694,
01fcac320800d600,https://ml.linkedin.com/jobs/view/operational-maintenance-engineer-at-engie-nederland-4450134003,Operational Maintenance Engineer,,scraped,2026-08-12T12:39:32.588072,
0fbb32f8e7431c63,https://ml.linkedin.com/jobs/view/ein-e-erzieher-in-at-ev-kitaverband-berlin-mitte-nord-4453136099,ein*e Erzieher*in,Ev. Kitaverband Berlin Mitte-Nord,posted,2026-08-12T14:50:11.617011,662
c179a7604e0703bf,https://ml.linkedin.com/jobs/view/eucap-sahel-mali-1-2026-call-for-contribution-for-visiting-experts-%E2%80%93-european-union-capacity-building-mission-in-mali-eucap-sahel-mali-at-eubam-libya-4453114615,EUCAP Sahel Mali 1-2026 - Call for Contribution for Visiting Experts – European Union Capacity Building Mission in Mali (EUCAP Sahel Mali),,scraped,2026-08-12T14:50:20.379024,
07590ad7d5ebf287,https://ml.linkedin.com/jobs/view/translator-bambara-remote-at-crossing-hurdles-4452704106,Translator (Bambara) | Remote,Crossing Hurdles,posted,2026-08-12T14:50:35.690016,664
cac2146cc2e3effb,https://ml.linkedin.com/jobs/view/bambara-language-specialist-remote-at-crossing-hurdles-4452397521,Bambara Language Specialist | Remote,Crossing Hurdles,posted,2026-08-12T14:50:40.499956,142
36a761d4d8320783,https://ml.linkedin.com/jobs/view/freelance-at-firstsource-4452379670,Freelance,,scraped,2026-08-12T14:50:43.207046,
125d98409bd75945,https://ml.linkedin.com/jobs/view/chris-dwyer-at-poss-architecture-%2B-planning-and-interior-design-4449238343,Chris Dwyer,Poss Architecture + Planning and Interior Design,posted,2026-08-12T14:51:02.831684,666
7702862cd6032205,https://ml.linkedin.com/jobs/view/kinderpfleger-in-sozialassistent-in-p%C3%A4dagogische-erg%C3%A4nzungskraft-m-w-d-at-awo-kreisverband-k%C3%B6ln-e-v-4453146571,"Kinderpfleger*in, Sozialassistent*in, Pädagogische Ergänzungskraft (m/w/d)",,scraped,2026-08-12T16:44:30.249985,
6f37bdc4b544c5f2,https://ml.linkedin.com/jobs/view/engagierte-kreative-kita-fachkr%C3%A4fte-gesucht-at-kiss-fm-4450982610,"Engagierte, kreative Kita-Fachkräfte gesucht",KISS FM,posted,2026-08-12T22:28:26.773733,668
34fbe63d4c3d5f33,https://ml.linkedin.com/jobs/view/coordinateur-de-projet-espoir-at-save-the-children-colombia-oficial-4453383141,Coordinateur de projet - ESPOIR,,scraped,2026-08-12T22:28:41.406051,
cc2d46b485c6d1a6,https://ml.linkedin.com/jobs/view/conseiller-%C3%A8re-en-d%C3%A9veloppement-institutionnel-et-renforcement-de-capacit%C3%A9-at-snv-in-asia-4450191296,Conseiller (ère) en Développement Institutionnel et Renforcement de Capacité,,scraped,2026-08-13T00:55:31.393540,
b223b1966bf1e02c,https://ml.linkedin.com/jobs/view/absolut-all-insurance-ag-at-leading-brokers-united-spain-sl-4453647063,Absolut All Insurance AG,,scraped,2026-08-13T09:00:06.907510,
6ba61a65a0d7879b,https://ml.linkedin.com/jobs/view/%C3%A9lectrom%C3%A9canicien-d-engins-de-chantier-grues-h-f-at-parlym-4450464152,Électromécanicien d'Engins de chantier & grues H/F,,scraped,2026-08-13T09:00:22.210931,
e274b86c0c355b81,https://ml.linkedin.com/jobs/view/senior-legal-counsel-at-globe-24-7-4450474065,Senior Legal Counsel,,scraped,2026-08-13T10:50:37.887423,
0e3f8260b57e3361,https://ml.linkedin.com/jobs/view/hier-finden-sie-uns-at-arzt-f%C3%BCr-arzt-personamanagement-4452910640,Hier finden Sie uns:,Arzt für Arzt Personamanagement,posted,2026-08-13T10:51:00.842256,30
085f09c65d3d54bc,https://ml.linkedin.com/jobs/view/wash-officer-no-2-temporary-position-hargeisa-somalia-post%2300137910-at-unicef-4453371899,"WASH Officer, NO-2, Temporary Position, Hargeisa, Somalia, Post#00137910",UNICEF,posted,2026-08-13T12:40:21.608790,624
e0bfee116e301c45,https://ml.linkedin.com/jobs/view/it-support-engineer-at-red-tic-4450253426,IT SUPPORT ENGINEER,,scraped,2026-08-13T12:40:30.158166,
420e4086fc21aca5,https://ml.linkedin.com/jobs/view/hauswirtschaftskraft-m-w-d-kita-bachlinge-in-l%C3%BCtjensee-dwerkaten-at-arbeiter-samariter-bund-landesverband-schleswig-holstein-e-v-4450819350,"Hauswirtschaftskraft (m/w/d), Kita Bachlinge in Lütjensee-Dwerkaten",Arbeiter-Samariter-Bund Landesverband Schleswig-Holstein e.V.,posted,2026-08-13T16:43:26.070211,670
e4ffff177729b75c,https://ml.linkedin.com/jobs/view/people-partner-support-at-wave-mobile-money-4454051717,People Partner- Support,,scraped,2026-08-13T20:27:56.439255,
781eae697ef3a0a6,https://ml.linkedin.com/jobs/view/architecte-cloud-et-cybersecurite-at-red-tic-4450685995,ARCHITECTE CLOUD ET CYBERSECURITE,,scraped,2026-08-13T20:28:11.120994,
3aa4bc2c6a80b825,https://ml.linkedin.com/jobs/view/sp%C3%A9cialiste-en-maintenance-des-equipements-mobiles-lourds-at-b2gold-corp-4453254097,Spécialiste en Maintenance des Equipements Mobiles Lourds,,scraped,2026-08-13T20:28:37.831427,
1f21a7d2370ee12e,https://ml.linkedin.com/jobs/view/sp%C3%A9cialiste-en-maintenance-des-%C3%A9quipements-mobiles-lourds-at-b2gold-corp-4453235168,Spécialiste en maintenance des équipements mobiles lourds,,scraped,2026-08-13T20:28:44.454861,
5a24852ae22d71e8,https://ml.linkedin.com/jobs/view/manager-de-programme-senior-spm-projet-espoir-at-save-the-children-colombia-oficial-4454308924,Manager de programme senior (SPM) - Projet ESPOIR,,scraped,2026-08-13T22:29:25.544157,
0d6b057f14c72915,https://ml.linkedin.com/jobs/view/enseignant-en-%C3%A9quipements-minier-4450833383,Enseignant en équipements minier,Groupe Université Gemini,posted,2026-08-13T22:29:43.996588,672
deaedaf37cd2d77b,https://ml.linkedin.com/jobs/view/directeur-service-informatique-at-b2gold-corp-4453246115,Directeur Service Informatique,,scraped,2026-08-14T00:54:42.658719,
125c3ec17eec1a4d,https://ml.linkedin.com/jobs/view/french-english-customer-support-associate-at-talentpop-app-4453261161,French-English Customer Support Associate,TalentPop App,posted,2026-08-14T00:55:00.602420,74
b0526638bc93ffbd,https://ml.linkedin.com/jobs/view/francophone-customer-support-representative-%E2%80%93-remote-at-talentpop-app-4453282070,Francophone Customer Support Representative – Remote,TalentPop App,posted,2026-08-14T00:55:05.555558,180
d829ea980950ec4c,https://ml.linkedin.com/jobs/view/french-bilingual-customer-service-specialist-at-talentpop-app-4453264170,French Bilingual Customer Service Specialist,TalentPop App,posted,2026-08-14T00:55:10.485530,96
71a6c4e0c8b60f3e,https://ml.linkedin.com/jobs/view/french-bilingual-customer-service-specialist-at-talentpop-app-4453266129,French Bilingual Customer Service Specialist,TalentPop App,posted,2026-08-14T00:55:15.300822,96
dc7c8b2853cceb65,https://ml.linkedin.com/jobs/view/french-bilingual-customer-service-specialist-at-talentpop-app-4453265151,French Bilingual Customer Service Specialist,TalentPop App,posted,2026-08-14T03:54:16.886790,96
4e35daac2ce33851,https://ml.linkedin.com/jobs/view/bilingual-customer-support-specialist-french-english-100%25-remote-at-talentpop-app-4453274103,Bilingual Customer Support Specialist (French/English) - 100% Remote,TalentPop App,posted,2026-08-14T03:54:22.000013,56
d3c7c9c7692f5282,https://ml.linkedin.com/jobs/view/agent-de-support-client%C3%A8le-international-h-f-at-talentpop-app-4453282081,Agent de Support Clientèle International (H/F),TalentPop App,posted,2026-08-14T03:55:08.882170,674
2af85473334ac153,https://ml.linkedin.com/jobs/view/technicien-d-intervention-d-urgence-at-b2gold-corp-4453253091,Technicien d'Intervention d'Urgence,,scraped,2026-08-14T05:23:17.279684,
df2626837cd98cb0,https://ml.linkedin.com/jobs/view/chef-de-partie-at-nicolaus-spa-4453255204,CHEF DE PARTIE,,scraped,2026-08-14T10:45:49.904883,
cf53ecc1e83c87b4,https://ml.linkedin.com/jobs/view/directeur-camp-at-b2gold-corp-4453237194,Directeur Camp,,scraped,2026-08-14T10:45:57.474431,
43acb013983d183b,https://ml.linkedin.com/jobs/view/directeur-du-camp-at-b2gold-corp-4453245114,Directeur du Camp,,scraped,2026-08-14T10:46:12.215643,
ffb11d0902970764,https://ml.linkedin.com/jobs/view/directeur-service-informatique-at-b2gold-corp-4453254098,Directeur Service Informatique,,scraped,2026-08-14T10:46:18.612394,
12453631d4a48403,https://ml.linkedin.com/jobs/view/technicien-d-intervention-d-urgence-at-b2gold-corp-4453235167,Technicien d'Intervention d'Urgence,,scraped,2026-08-14T12:36:39.498849,
2e4398da475d86a1,https://ml.linkedin.com/jobs/view/stagiaire-technologies-de-l-information-at-save-the-children-international-4454544983,Stagiaire Technologies de l'Information,,scraped,2026-08-14T16:39:03.697988,
2f514e5c2c06cbc1,https://ml.linkedin.com/jobs/view/obiteljski-opening-kreischberg%0A%C5%A1kola-skijanja-i-dolazak-djeda-bo%C5%BEi%C4%87njaka%0Aod-952%E2%82%AC-po-obitelji-at-skifun-eu-4454595486,"ObiteljSki Opening Kreischberg
Škola skijanja i dolazak Djeda Božićnjaka
od 952€ po obitelji",,scraped,2026-08-14T22:11:09.543258,
ff3aac7d443e4397,https://ml.linkedin.com/jobs/view/pr%C3%A9venteur-hse-h-f-at-apave-formation-guyane-4454006442,Préventeur HSE H/F,,scraped,2026-08-15T00:31:42.269624,
0c3fc13f0da104bc,https://ml.linkedin.com/jobs/view/absolut-all-insurance-ag-at-leading-brokers-united-spain-sl-4454844891,Absolut All Insurance AG,,scraped,2026-08-15T04:18:44.906443,
41fa695f47721225,https://ml.linkedin.com/jobs/view/coordinateur-de-projet-espoir-at-save-the-children-colombia-oficial-4454807089,Coordinateur de projet - ESPOIR,,scraped,2026-08-15T06:17:18.343347,
28a52e400245bb0a,https://ml.linkedin.com/jobs/view/recrutement-d-un-infirmier-superviseur-cscom-at-forum-des-ong-internationales-au-mali-4454304165,Recrutement d'un Infirmier superviseur CSCOM,,scraped,2026-08-15T10:10:55.121239,
e098ea3c4f58ccc5,https://ml.linkedin.com/jobs/view/sie-sind-at-thermo-king-s%C3%BCd-4453278531,Sie sind:,THERMO KING SÜD,posted,2026-08-15T10:11:15.602301,138
fc0791cb6353706e,https://ml.linkedin.com/jobs/view/stagiaire-int%C3%A9grateur-odoo-at-fatima-technologies-4455130411,STAGIAIRE INTÉGRATEUR ODOO,Fatima Technologies,posted,2026-08-15T14:12:07.580642,676
2c03c227b328980e,https://ml.linkedin.com/jobs/view/process-engineer-senior-process-engineer-at-silterra-malaysia-sdn-bhd-4451230604,Process Engineer/ Senior Process Engineer,SilTerra Malaysia Sdn. Bhd.,posted,2026-08-16T02:51:54.049373,626
bef18ff6b485d259,https://ml.linkedin.com/jobs/view/absolut-all-insurance-ag-at-leading-brokers-united-spain-sl-4455169116,Absolut All Insurance AG,,scraped,2026-08-16T04:24:09.639265,
8ab7f4c568b40705,https://ml.linkedin.com/jobs/view/hier-finden-sie-uns-at-arzt-f%C3%BCr-arzt-personamanagement-4453966671,Hier finden Sie uns:,Arzt für Arzt Personamanagement,posted,2026-08-16T10:12:18.191358,30
c081b920d98fab7e,https://ml.linkedin.com/jobs/view/coordinateur-de-projet-espoir-at-save-the-children-colombia-oficial-4455140247,Coordinateur de projet - ESPOIR,,scraped,2026-08-16T14:11:45.297427,
d78b07115380ba80,https://ml.linkedin.com/jobs/view/stellenangebote-at-curatis-gmbh-4452380891,Stellenangebote,CURATIS GmbH,posted,2026-08-16T16:10:47.761600,678
0544c0f5ecc5d056,https://ml.linkedin.com/jobs/view/pdg-at-redmi-4455224390,PDG,REDMI,posted,2026-08-17T00:30:27.995557,680
7c8fbd0ba856b482,https://ml.linkedin.com/jobs/view/banco-de-vagas-instituto-socioambiental-at-instituto-socioambiental-4454229271,Banco de vagas - Instituto Socioambiental,,scraped,2026-08-17T02:50:41.184251,
3a398ed4a29d0d1f,https://ml.linkedin.com/jobs/view/absolut-all-insurance-ag-at-leading-brokers-united-spain-sl-4455240108,Absolut All Insurance AG,,scraped,2026-08-17T04:30:10.337027,
04e65c6f2fdfdb87,https://ml.linkedin.com/jobs/view/product-manager-surface-rock-drilling-at-epiroc-4454242765,Product Manager  - Surface Rock Drilling,,scraped,2026-08-17T12:17:50.677002,
34b2eb0bf8754090,https://ml.linkedin.com/jobs/view/ports-and-shipping-specialist-at-ntu-international-a-s-4455260926,Ports and Shipping Specialist,,scraped,2026-08-17T12:18:03.605123,
7f2c51a9e72d7636,https://ml.linkedin.com/jobs/view/infirmier-s%C3%A9nior-%E2%80%93-service-des-urgences-at-africawork-4450810570,Infirmier Sénior – Service des Urgences,AfricaWork,posted,2026-08-17T12:18:41.898127,682
e1459051deea7a56,https://ml.linkedin.com/jobs/view/regional-it-manager-at-wave-mobile-money-4455311596,Regional IT Manager,,scraped,2026-08-17T16:13:35.228980,
68c6479e548c9ec6,https://ml.linkedin.com/jobs/view/child-protection-in-humanitarian-action-international-consultant-cpha-gbvie-bamako-mali-office-based-5-months-595146-at-unicef-mk-4454426026,"Child Protection in Humanitarian Action International Consultant (CPHA &GBViE) Bamako,Mali (office based) 5 months (595146)",,scraped,2026-08-18T00:30:28.184268,
3805a6e0052e113b,https://ml.linkedin.com/jobs/view/child-protection-in-humanitarian-action-international-consultant-cpha-gbvie-bamako-mali-office-based-5-months-595146-at-unicef-chad-4452293470,"Child Protection in Humanitarian Action International Consultant (CPHA &GBViE) Bamako,Mali (office based) 5 months (595146)",Unicef CHAD,posted,2026-08-18T00:30:47.348090,684
4f9e4c20e2f77fbf,https://ml.linkedin.com/jobs/view/child-protection-in-humanitarian-action-international-consultant-cpha-gbvie-bamako-mali-office-based-5-months-595146-at-unicef-bangladesh-4454480304,"Child Protection in Humanitarian Action International Consultant (CPHA &GBViE) Bamako,Mali (office based) 5 months (595146)",,scraped,2026-08-18T06:21:46.932239,
5de7429c34a30b95,https://ml.linkedin.com/jobs/view/un-e-responsable-rh-un-e-gestionnaire-de-base-de-donn%C3%A9es-rh-un-e-magasinier-mpc-at-bramali-boissons-rafra%C3%AEchissantes-du-mali-groupe-castel-4455708984,Un(e) Responsable RH; Un(e) Gestionnaire de base de données RH; Un(e) Magasinier MPC,,scraped,2026-08-18T12:19:35.973971,
abde6fae9c283e6e,https://ml.linkedin.com/jobs/view/railways-specialist-at-ntu-international-a-s-4455708672,Railways Specialist,,scraped,2026-08-18T12:19:48.940058,
fed6be7dd049b3cd,https://ml.linkedin.com/jobs/view/software-engineer-java-react-at-red-tic-4455718859,SOFTWARE ENGINEER JAVA/REACT,,scraped,2026-08-18T12:19:56.525350,
b078e29610cc6399,https://ml.linkedin.com/jobs/view/hier-finden-sie-uns-at-arzt-f%C3%BCr-arzt-personamanagement-4454490581,Hier finden Sie uns:,Arzt für Arzt Personamanagement,posted,2026-08-18T14:21:19.834907,30
0478b3d9846d1dc8,https://ml.linkedin.com/jobs/view/hier-finden-sie-uns-at-arzt-f%C3%BCr-arzt-personamanagement-4454414861,Hier finden Sie uns:,Arzt für Arzt Personamanagement,scraped,2026-08-18T14:21:23.821172,
5bec326322498b81,https://ml.linkedin.com/jobs/view/commercial-4455318494,Commercial,Lion informatique et bureautique et divers son disponible chez Djegui diaby 0022373110947,posted,2026-08-18T16:17:13.592220,34
b370b5a7312fa9f0,https://ml.linkedin.com/jobs/view/coordinateur-de-projet-espoir-at-save-the-children-colombia-oficial-4455700366,Coordinateur de projet - ESPOIR,,scraped,2026-08-18T16:17:22.208803,
7d88de57271d9b4c,https://ml.linkedin.com/jobs/view/officer-sant%C3%A9-nutrition-at-international-rescue-committee-4455746413,Officer Santé Nutrition,International Rescue Committee,posted,2026-08-18T16:17:38.239918,686
310aa2f231040cc2,https://ml.linkedin.com/jobs/view/hier-finden-sie-uns-at-arzt-f%C3%BCr-arzt-personamanagement-4454421805,Hier finden Sie uns:,Arzt für Arzt Personamanagement,posted,2026-08-18T16:17:47.447029,30
3ba863bff2d78a4b,https://ml.linkedin.com/jobs/view/commercial-commerciale-at-ascoma-assureurs-conseils-4455763371,Commercial/Commerciale,,scraped,2026-08-18T18:19:08.012166,
718db8b3f40d8ae8,https://ml.linkedin.com/jobs/view/stagiaire-technologies-de-l-information-at-save-the-children-colombia-oficial-4455956880,Stagiaire Technologies de l'Information,,scraped,2026-08-18T22:10:44.568959,
109cefc5146a1de2,https://ml.linkedin.com/jobs/view/coordinateur-projet-%C2%AB-initiative-filles-%C3%A0-l%E2%80%99%C3%A9cole-gisi-mali-%C2%BB-at-corus-international-4315436652,Coordinateur Projet « Initiative Filles à l’École (GISI) Mali »,Corus International,posted,2026-08-19T02:47:56.924861,688
be169ad47c2a362d,https://ml.linkedin.com/jobs/view/ein-e-erzieher-in-at-ev-kitaverband-berlin-mitte-nord-4456318141,ein*e Erzieher*in,Ev. Kitaverband Berlin Mitte-Nord,posted,2026-08-19T14:21:37.170752,690
44c9592942a5e3db,https://ml.linkedin.com/jobs/view/technician-at-bia-group-4453458781,Technician,,scraped,2026-08-19T16:17:08.191455,
4ed01f4665f48f7b,https://ml.linkedin.com/jobs/view/nutrition-specialist-cluster-coordination-no-3-%23138298-ta-6-months-bamako-mali-wcar-at-unicef-bangladesh-4455431004,"Nutrition Specialist Cluster Coordination, NO-3, #138298, TA (6 months), Bamako- Mali WCAR",,scraped,2026-08-19T16:17:33.149265,
ffed6a8a1747c552,https://ml.linkedin.com/jobs/view/ing%C3%A9nieur-technico-commercial-at-holicorp-4456347687,Ingénieur technico-commercial,,scraped,2026-08-19T18:15:59.848872,
